customer_id,customer_name,email,registration_date,customer_type
1,Chloe Garrett,robertcraig@example.net,2025-11-12,PREMIUM
2,Haley Collins,larry29@example.net,2025-07-05,REGULAR
3,David Gonzalez,johnjackson@example.com,2025-04-15,PREMIUM
4,Nichole Glenn,andersoncrystal@example.net,2024-12-21,VIP
5,Brian Gillespie,sharonwashington@example.org,2025-11-14,REGULAR
6,Michelle Wilson,paulamber@example.org,2026-06-15,PREMIUM
7,Kimberly Garza,gina23@example.org,2026-06-01,VIP
8,Ashley Burke,lisawatkins@example.com,2023-09-22,REGULAR
9,Austin Spence,fuentesnatalie@example.com,2026-02-12,PREMIUM
10,Bruce Boyd,gwalker@example.org,2025-11-14,PREMIUM
11,Cory Smith,kennedynathan@example.net,2025-06-15,VIP
12,Michelle Roth,bguerrero@example.net,2023-12-09,REGULAR
13,Sarah Murray,olivernichole@example.net,2026-05-04,VIP
14,Madeline Young,walterschristopher@example.com,2024-11-20,PREMIUM
15,Kathleen Franco,amygray@example.org,2024-06-06,REGULAR
16,Christopher Gonzales,dyerjacob@example.com,2023-11-10,REGULAR
17,William Kennedy,ericwilson@example.com,2024-04-11,VIP
18,Kathy Sullivan,frederick45@example.net,2023-10-13,PREMIUM
19,Andrew Smith,tylerreed@example.com,2023-11-21,REGULAR
20,Maria Singh,mwhitney@example.com,2024-04-02,PREMIUM
21,Lisa Stone,herreracaleb@example.net,2024-05-11,PREMIUM
22,Crystal Stephens,tthompson@example.org,2023-08-02,PREMIUM
23,Elizabeth Smith,masontaylor@example.com,2024-01-27,VIP
24,Carol Banks,eluna@example.com,2024-04-23,PREMIUM
25,Julie Thomas,cindy88@example.net,2026-06-15,REGULAR
26,Sarah Kelley,elizabeth79@example.net,2024-08-06,REGULAR
27,Jean Allen,iperkins@example.net,2023-12-14,PREMIUM
28,Drew Walter,buckleyabigail@example.org,2025-07-20,VIP
29,Alison Stephenson,james15@example.com,2023-12-26,PREMIUM
30,Jeremiah Humphrey,qwarren@example.net,2026-03-26,REGULAR
31,Jody Baker,johnathan54@example.net,2024-11-24,REGULAR
32,Daniel Perkins,bonniechase@example.net,2025-12-22,VIP
33,Sue Harper,phernandez@example.net,2026-03-30,REGULAR
34,Mrs. Jennifer Green,melissajohnson@example.com,2025-10-31,REGULAR
35,Joseph Morris,watsontyler@example.com,2026-01-23,REGULAR
36,Reginald Gutierrez,brownmichele@example.org,2024-06-26,VIP
37,Kylie Lowe,fmiranda@example.com,2026-04-02,PREMIUM
38,Alison Nielsen,jennifer84@example.com,2025-12-18,REGULAR
39,Rodney Davis,hoeric@example.org,2025-08-01,VIP
40,Daryl Miller,kingtyler@example.com,2023-09-02,VIP
41,Jennifer Flores,latoya25@example.net,2024-11-15,VIP
42,Christopher Stanley,nancy79@example.com,2025-09-08,VIP
43,Jennifer Smith,shelleytaylor@example.org,2026-07-07,VIP
44,Ronald Williams,christopher97@example.org,2025-08-15,REGULAR
45,Alicia Johnson,osantos@example.org,2025-07-04,PREMIUM
46,Amber West,vduffy@example.com,2025-06-07,PREMIUM
47,Dylan Pham,ygoodwin@example.net,2023-08-09,PREMIUM
48,Anthony Hebert,phines@example.com,2025-01-19,PREMIUM
49,Rachel Perez,nicolassolomon@example.net,2026-03-17,PREMIUM
50,Stephen Jones,michaeljennings@example.net,2025-03-08,PREMIUM
51,Ashley Smith,whitecraig@example.net,2024-01-10,PREMIUM
52,Angela Collins,sandra18@example.net,2026-01-04,VIP
53,Karen Flowers,wharris@example.org,2024-02-20,REGULAR
54,Rebecca Collins,davidsonmichael@example.net,2025-02-18,VIP
55,Brian Daniels,derek31@example.net,2026-01-08,REGULAR
56,Jamie Fernandez,hooverkrista@example.net,2026-03-09,REGULAR
57,Jennifer Phillips,donna49@example.net,2025-05-06,REGULAR
58,Emily Hoffman,robinsonrobert@example.com,2024-12-31,VIP
59,Eric Cole,julie73@example.org,2024-08-07,PREMIUM
60,Jasmine Davis,sarah54@example.com,2024-12-21,PREMIUM
61,James Hughes,murraychristopher@example.org,2023-11-06,PREMIUM
62,Mallory Underwood,mikedavis@example.com,2024-01-03,PREMIUM
63,Ryan Lee,epatel@example.org,2024-07-06,PREMIUM
64,Michael Holt,joshua41@example.com,2025-10-10,PREMIUM
65,Matthew Fry,mileslaura@example.org,2026-02-05,REGULAR
66,Stephanie Wall,sheilamoore@example.org,2025-09-28,REGULAR
67,Kimberly Stokes,xpratt@example.com,2024-07-07,REGULAR
68,Daniel Harper,fordhollyexample.com,2026-02-20,REGULAR
69,Sandra Lutz,johnstuart@example.com,2024-11-19,REGULAR
70,Ricardo Robinson,john15@example.net,2026-06-01,REGULAR
71,Sara Chandler,jacob21@example.net,2025-11-25,VIP
72,Sylvia Parker,john44@example.com,2025-01-22,PREMIUM
73,Shirley Riley,angeladavis@example.net,2023-12-05,REGULAR
74,Evelyn Weiss,robert25@example.org,2025-04-27,PREMIUM
75,Alexis Harrison,pbowers@example.net,2026-02-08,PREMIUM
76,Benjamin Baldwin,nallen@example.net,2024-05-08,PREMIUM
77,Casey Simon,bwalker@example.net,2023-08-07,REGULAR
78,Shannon Martinez,jonmurray@example.org,2025-02-28,REGULAR
79,Stephen Compton,amandawilliams@example.net,2025-02-14,VIP
80,Lisa Rojas,michael37@example.org,2025-01-28,REGULAR
81,Mr. William Mayer,nhuber@example.com,2026-02-05,VIP
82,Kenneth Hawkins,tuckerbrett@example.org,2026-06-12,VIP
83,Kimberly Flores,kayla82@example.net,2025-02-07,VIP
84,Erica Roberts,cody15@example.org,2024-05-19,REGULAR
85,Vanessa Padilla,xcollins@example.net,2025-02-15,REGULAR
86,Jacob Benson,sramirez@example.com,2023-11-20,VIP
87,Erica James,lblack@example.com,2024-10-13,VIP
88,Todd Nelson,kimberly56@example.net,2023-09-03,VIP
89,Daniel Robles,jasmine05@example.com,2025-09-23,REGULAR
90,Virginia Moon,jamesbeard@example.org,2026-03-12,VIP
91,Mark Anderson,bwilliams@example.com,2023-12-21,PREMIUM
92,Amber Davis,ymeyer@example.org,2025-07-16,VIP
93,Amy Osborn,teresacarpenter@example.com,2023-12-27,VIP
94,Tracy Sanford,lucasgrace@example.org,2025-06-27,PREMIUM
95,Michael Collier,ckaiser@example.net,2025-03-28,VIP
96,Jessica Boyer,lsmith@example.net,2026-03-07,PREMIUM
97,Anthony Morales,umccann@example.org,2025-10-15,VIP
98,Marissa Tucker,harveyelijah@example.com,2026-03-27,PREMIUM
99,Kevin Taylor,carolynrichards@example.com,2025-08-24,VIP
100,Johnathan Armstrong,pford@example.net,2026-06-25,REGULAR
101,Lauren Key,grahamgregory@example.org,2026-03-02,PREMIUM
102,Victoria Phelps,amandaturner@example.net,2025-12-12,PREMIUM
103,Joseph Myers,iwalsh@example.org,2024-04-22,PREMIUM
104,David Frazier,rachelharris@example.org,2025-02-11,PREMIUM
105,Jessica Gallegos,april62@example.net,2024-09-26,VIP
106,Ariel Ortega,andre63@example.net,2023-12-26,PREMIUM
107,Sean Banks,travisrichardson@example.net,2024-01-06,PREMIUM
108,Christopher Nixon,steven77@example.org,2025-12-04,VIP
109,Kevin Davis,shannon63@example.org,2024-10-19,VIP
110,Kayla Flores,whuber@example.org,2026-03-08,VIP
111,Lisa Matthews,andrew37@example.com,2024-06-05,PREMIUM
112,Jeffrey Lawrence,scott72@example.org,2025-10-11,REGULAR
113,Charles Cobb,pottsrussell@example.org,2026-03-31,VIP
114,Leon Lee,lball@example.com,2024-07-03,VIP
115,Mr. Evan Mejia,kellyjones@example.net,2025-08-10,VIP
116,Dennis Johnson,rmyers@example.net,2024-04-27,REGULAR
117,Michael Huff,rhayes@example.net,2023-08-09,VIP
118,Michael Williams,mistyhale@example.net,2026-03-18,PREMIUM
119,Christy Terrell,jose55@example.org,2024-01-09,PREMIUM
120,Jenna Reed,stephensjason@example.com,2023-09-24,PREMIUM
121,Shannon Brown,conleysamuel@example.org,2025-06-26,PREMIUM
122,Cheryl Jackson,susansmith@example.org,2024-09-22,PREMIUM
123,Dr. Mary Larson,desireemoore@example.net,2025-12-17,VIP
124,Chad Owens,montescarol@example.net,2023-09-24,PREMIUM
125,Martha Shaw,gloria34@example.com,2023-09-21,VIP
126,Melissa Mendez,flee@example.org,2024-08-25,REGULAR
127,Leah Schultz,leewatson@example.org,2024-08-15,VIP
128,Jessica Johnson,michelleking@example.net,2024-08-25,VIP
129,Mary Turner,christopherday@example.org,2024-02-15,PREMIUM
130,Jennifer Jimenez,eflores@example.net,2025-10-03,PREMIUM
131,Bonnie Petty,grobbins@example.org,2024-09-16,VIP
132,Thomas Houston,lambertkatie@example.net,2026-05-10,REGULAR
133,Jonathan Owens,stephanie92@example.com,2024-07-31,REGULAR
134,Amy Wright,santiagopaige@example.org,2024-07-25,REGULAR
135,Lauren Sharp,melissadawson@example.org,2026-02-19,VIP
136,Jason Brown,belljennifer@example.com,2024-08-19,REGULAR
137,James Martin,tristanwilson@example.org,2024-03-17,PREMIUM
138,Lisa Davis,tiffany98@example.com,2026-06-30,VIP
139,Amy Lawrence,pdonovan@example.org,2025-10-18,PREMIUM
140,Sharon Moore,andersonmichelle@example.org,2025-03-28,REGULAR
141,Patrick Davis,mrodriguez@example.org,2025-11-23,PREMIUM
142,Kathleen Kennedy,lbennett@example.org,2024-03-15,REGULAR
143,Carolyn Howard,qthomas@example.org,2023-08-06,REGULAR
144,Kenneth Turner,mccarthyelizabeth@example.net,2025-03-27,VIP
145,Andrew Adams,heatherlloyd,2023-11-07,PREMIUM
146,Carol Manning,mary61@example.net,2023-09-28,PREMIUM
147,Kevin Cruz,colemannicole@example.com,2025-12-14,VIP
148,Christopher Lee,timothybrown@example.net,2026-06-10,VIP
149,Brian Howe,nguyenjasonexample.org,2023-10-01,REGULAR
150,Debra Perry,lisa47@example.com,2025-05-29,REGULAR
151,Jeanette White,michael54@example.com,2023-11-02,VIP
152,Brandy Mason,jessica80@example.com,2025-11-10,VIP
153,Leslie Braun,mjones@example.net,2024-03-27,REGULAR
154,Brittney Jones,michellemitchell@example.com,2023-12-09,PREMIUM
155,Allison Alvarez DDS,hannah83@example.net,2026-04-02,PREMIUM
156,Alexander Bailey,sschmidt@example.org,2025-03-14,REGULAR
157,Dr. Stephen Warren,adamsangela@example.org,2025-08-19,PREMIUM
158,Frank Johnson,dunlapautumn@example.com,2023-08-30,VIP
159,Mr. Michael Herring Jr.,patrickbrooks@example.com,2025-09-01,REGULAR
160,Mariah Lynn,jaimebautista@example.com,2025-01-02,VIP
161,Melanie Jones,shannon35@example.com,2025-04-17,PREMIUM
162,James Jones,drew07@example.com,2024-09-30,REGULAR
163,Allen Lee,aaron34@example.com,2025-10-18,REGULAR
164,Tony Davis,willisnicole@example.com,2024-10-16,REGULAR
165,Vanessa Thompson,lbrown@example.com,2023-11-28,PREMIUM
166,Daniel Thomas,zgray@example.org,2025-07-24,PREMIUM
167,Valerie Martin,emilyperkins@example.com,2025-11-27,REGULAR
168,Frederick Morris,hmartinez@example.net,2025-02-21,REGULAR
169,Jennifer Kim,smithmichaelexample.org,2026-01-13,PREMIUM
170,Ian Hall,laura28@example.net,2025-12-29,PREMIUM
171,Sheila Wood,brittanylarsen@example.net,2026-04-22,VIP
172,Daniel Anderson,zwu@example.com,2024-07-02,VIP
173,David Matthews,jennifer62@example.net,2025-12-15,REGULAR
174,Mary Kirby,prose@example.org,2026-02-23,REGULAR
175,Jill Harris,dawn59@example.net,2024-02-01,REGULAR
176,Timothy Hansen,tbennett@example.net,2024-08-19,VIP
177,Dana Moore,fletcherlatoya@example.net,2023-10-25,VIP
178,Shane Coleman,zwood@example.com,2026-01-23,VIP
179,Douglas Lawson,andrewgreen@example.net,2023-12-04,VIP
180,Angel Christensen,mmyers@example.org,2025-08-02,PREMIUM
181,Jonathan Bowman,vyoung@example.net,2026-03-22,PREMIUM
182,Travis Brown,pennyedwards@example.com,2026-01-26,PREMIUM
183,Kimberly Duke,stephensmith@example.com,2026-05-18,REGULAR
184,Regina Hodge,lesterchristine@example.org,2024-05-28,PREMIUM
185,John Small,williamschristopher@example.com,2023-08-01,VIP
186,Renee Anderson,campbelllaurie@example.net,2023-10-13,VIP
187,Nicole Love,mhenderson@example.net,2025-02-14,PREMIUM
188,Laura James,halltara@example.com,2024-11-13,PREMIUM
189,Nancy Arnold,robertmyers@example.net,2024-02-07,PREMIUM
190,George Flores,kevingray@example.com,2025-05-03,REGULAR
191,Rick Jackson,williamsanthony@example.org,2025-03-03,VIP
192,Jonathan Miles,kyle27@example.org,2026-04-20,VIP
193,Nicole Cook,sdaniels@example.com,2024-10-28,REGULAR
194,Cody Smith,edward35@example.org,2025-04-14,REGULAR
195,David Howard,eric32@example.net,2025-01-17,PREMIUM
196,Ian Winters,marywilliams@example.org,2024-09-09,REGULAR
197,Aaron Turner,diazmark@example.com,2024-02-24,VIP
198,Scott Dawson,escobarmichelle@example.org,2024-10-08,PREMIUM
199,Timothy Freeman,castillosusan@example.com,2023-09-14,PREMIUM
200,Randy Kent Jr.,awalker@example.org,2025-12-18,REGULAR
201,Corey Massey,belindajacobs@example.org,2025-07-04,VIP
202,Mary Walker,tharris@example.net,2024-03-24,PREMIUM
203,Michelle Rose,matthew64@example.net,2025-04-20,PREMIUM
204,Mark Robinson,charlesknight@example.net,2025-07-03,PREMIUM
205,Jonathan Hughes,hernandezscott@example.net,2025-05-17,REGULAR
206,Amy Patton,katie84@example.com,2025-12-23,VIP
207,Susan Sanford,rwade@example.com,2026-05-01,PREMIUM
208,Debra Soto,hunterdecker@example.org,2026-01-26,REGULAR
209,Richard Davis,cmorris@example.org,2024-12-20,VIP
210,Michael Conway,jfranklin@example.net,2024-01-26,REGULAR
211,Elizabeth Perry,lsmith@example.com,2024-01-13,PREMIUM
212,Gary Baker,erodriguez,2023-12-29,PREMIUM
213,Toni Davis,sheila11@example.com,2026-03-20,REGULAR
214,Teresa Knight,qsantos@example.com,2026-03-15,PREMIUM
215,Jason Gonzalez Jr.,james50@example.com,2025-08-17,REGULAR
216,Jennifer Phillips,betty00@example.com,2025-06-16,VIP
217,Ethan Robinson,jsanchez@example.org,2026-02-27,PREMIUM
218,Kevin Wheeler,sgallegos,2023-07-20,PREMIUM
219,William Pittman,jonesdonna@example.org,2025-08-27,PREMIUM
220,Margaret Wilkinson,ramosjeremy@example.com,2024-03-08,PREMIUM
221,Jennifer Garcia,rioslisa@example.org,2024-03-02,VIP
222,Joseph Krause,abigail07@example.com,2023-09-20,REGULAR
223,Tim Martinez DDS,jacksoncharles@example.net,2024-07-03,PREMIUM
224,Karen Tyler,nicholselizabeth@example.org,2025-03-21,VIP
225,Ashley Maynard,fcarroll@example.net,2024-05-14,PREMIUM
226,Jessica Ellison,lisa36@example.net,2025-03-06,VIP
227,Walter Taylor,yatesrebecca@example.org,2024-10-01,REGULAR
228,Hunter Cole,alexanderlopez@example.net,2023-09-19,PREMIUM
229,Michelle Davidson,sullivanamber@example.com,2023-10-06,PREMIUM
230,Kirk Lee,dmartin@example.com,2025-01-04,VIP
231,Haley Ellis,brent55@example.net,2024-11-02,PREMIUM
232,Jonathan Morgan,qwilliams@example.org,2024-04-07,VIP
233,Anna Smith MD,crystal31@example.org,2024-06-02,REGULAR
234,Lindsay Torres,brittany07@example.com,2024-01-26,VIP
235,Glenn Stevenson,rogerdyer@example.com,2024-07-24,PREMIUM
236,Robin Harris,vhutchinson@example.net,2024-03-17,VIP
237,Mary Collins,kathryn70@example.net,2025-10-01,VIP
238,Cynthia Medina,amandabass@example.net,2023-10-28,VIP
239,Elizabeth Richardson,wilsonrobert@example.net,2024-12-17,VIP
240,Victoria Wheeler,colemanlaura@example.org,2024-03-31,PREMIUM
241,Aaron Weber,alexanderkimberly@example.com,2026-07-04,VIP
242,Eddie Green,hschmidt@example.net,2024-03-01,VIP
243,Melanie Fuentes,louismiller@example.net,2024-03-05,REGULAR
244,Matthew Dunn,woneill@example.net,2025-10-07,VIP
245,Todd Diaz,ydawson@example.org,2024-10-15,REGULAR
246,Gabriel Wilson,jill47@example.net,2023-11-20,REGULAR
247,Spencer Caldwell,sarah13@example.net,2026-04-28,PREMIUM
248,William Nguyen,dylanhansen@example.net,2024-04-27,VIP
249,Lisa Manning,stephenferrell@example.org,2024-03-07,REGULAR
250,Terry Anderson,shieldsphilip@example.com,2025-09-24,PREMIUM
251,John Potter,santoscaitlin@example.org,2025-03-14,PREMIUM
252,Justin James,connermegan@example.org,2024-02-07,REGULAR
253,Ruth Sullivan,fcervantes@example.com,2025-12-05,PREMIUM
254,Margaret Vega,gthompson@example.com,2024-08-23,PREMIUM
255,Amanda Ashley,jasonhunter@example.net,2026-06-02,REGULAR
256,Lisa Anderson,rodriguezjoshua@example.org,2025-06-10,REGULAR
257,Derek Vincent,jennifer88@example.com,2023-09-01,PREMIUM
258,Daniel Lewis,laurasoto@example.com,2024-09-02,VIP
259,Jennifer Greer,erica14@example.org,2026-05-31,VIP
260,Shawna Perry,noah06@example.org,2026-04-03,PREMIUM
261,Jay Rhodes,david47@example.com,2024-08-13,REGULAR
262,Luis Mcguire,brenda15@example.org,2024-08-04,PREMIUM
263,Caitlin David,zbryant@example.org,2025-02-16,PREMIUM
264,Bailey Forbes,tgarcia@example.org,2026-05-03,PREMIUM
265,Anthony Fleming,rebecca60@example.net,2024-06-27,PREMIUM
266,Anna Davenport,ggriffin@example.com,2024-06-10,PREMIUM
267,Maureen Allen,christinewilliams@example.net,2024-11-19,VIP
268,Terri Todd,tonya09@example.net,2025-05-14,VIP
269,Jose Andrews,reyeshannah@example.com,2025-03-31,VIP
270,Richard Blanchard,sanchezmicheal@example.net,2025-09-30,PREMIUM
271,Jorge Taylor,jennifer16@example.com,2025-09-25,PREMIUM
272,Melissa Burke,cwatson@example.org,2024-05-30,PREMIUM
273,Andrea Singh,opaul@example.com,2026-04-26,VIP
274,Scott Mcdowell,gardnerthomas@example.net,2024-02-28,REGULAR
275,Steven Williams,thomascarmen@example.org,2024-06-24,PREMIUM
276,Dawn Thompson,josehill@example.net,2025-05-28,VIP
277,Zachary Clarke,briansantos@example.com,2025-12-06,PREMIUM
278,Steven Scott,mwhite@example.net,2025-12-29,VIP
279,Dr. David Melton,chavezjuan@example.net,2024-10-27,REGULAR
280,Tracy Lewis,paula45@example.com,2024-07-27,VIP
281,Maria Long,cruzjacob@example.org,2026-01-09,VIP
282,Dr. Erin Jackson,nhiggins@example.org,2024-11-17,REGULAR
283,Joshua Boone,nguyenkaylee@example.net,2023-08-10,VIP
284,Thomas Wilkinson,ronald01@example.net,2024-01-03,REGULAR
285,Calvin Patterson,jennifer67@example.net,2025-01-19,PREMIUM
286,David Jackson,joshua82@example.org,2024-03-18,VIP
287,Charles Green,johnsondiana@example.net,2025-06-01,VIP
288,Charles Cooley,dthornton@example.org,2024-11-23,PREMIUM
289,Christine Wilson,beth46@example.org,2025-12-02,PREMIUM
290,Henry Wu,taylorkristen@example.net,2025-10-03,REGULAR
291,Daniel Smith,jharris@example.org,2024-10-07,REGULAR
292,James Santiago,mike59@example.org,2024-08-05,PREMIUM
293,Christopher Terry,freemanbrett@example.net,2026-02-19,PREMIUM
294,Kelly Brown,davidlawson@example.org,2026-03-03,VIP
295,Kim Moreno,victor46@example.net,2026-06-26,REGULAR
296,Jose Gross,amypetersen@example.org,2025-12-17,VIP
297,Alexander Larsen,josephblair@example.net,2025-08-17,VIP
298,Andrea Velasquez,melissa72@example.com,2026-01-27,REGULAR
299,Benjamin Torres,valeriejohnson@example.net,2025-11-16,PREMIUM
300,Jennifer Robinson,ian45@example.org,2023-12-24,PREMIUM
301,Stephanie Lewis,alan69@example.org,2024-01-22,VIP
302,Sara Turner,mbennett@example.com,2024-12-31,VIP
303,Taylor Martinez,heather48@example.com,2024-09-16,PREMIUM
304,Michelle Chang,daniel83@example.com,2025-08-15,PREMIUM
305,William Davis,tammyvega@example.com,2023-09-23,VIP
306,Charles Sanders,michaelcarter@example.com,2026-06-21,VIP
307,Edward Stewart,robertkennedy@example.net,2023-11-05,PREMIUM
308,Vickie Moore,nhopkins@example.org,2023-08-16,REGULAR
309,Leslie Mosley,benjamin25@example.com,2026-07-10,VIP
310,Ryan Mitchell,michellehughes@example.net,2024-08-11,VIP
311,Stephanie Nguyen,bonniepadilla@example.com,2025-04-09,PREMIUM
312,James Erickson,diana90@example.org,2025-04-07,VIP
313,Kimberly Davis,kevin79@example.net,2024-03-14,PREMIUM
314,Shelly Frey,brockpaula@example.org,2025-02-18,VIP
315,Andrew Skinner,rodriguezkathleen@example.com,2024-01-29,PREMIUM
316,Joseph Bowers,jjones@example.net,2026-05-10,VIP
317,Jenna Walker,garymaxwell@example.org,2024-06-24,PREMIUM
318,William Martinez,cynthiapage@example.net,2025-12-18,PREMIUM
319,Kimberly Guerrero,timothybaker@example.org,2026-07-15,VIP
320,Marilyn Rojas,tcook@example.net,2025-05-07,REGULAR
321,Tony Green,qsanchez@example.net,2023-10-23,REGULAR
322,Connie Vasquez,connor76@example.org,2024-11-02,PREMIUM
323,Mary Perez,lweaver@example.net,2025-12-10,VIP
324,Frederick Barrera,eatonjoseph@example.com,2023-08-02,REGULAR
325,Nicholas Martinez,julianrobinson@example.com,2025-02-24,VIP
326,Matthew Sosa,johnford@example.org,2024-05-10,REGULAR
327,Michael Bean,clarkkenneth@example.net,2024-08-29,REGULAR
328,Erik Miller,fellis@example.org,2023-09-27,VIP
329,Kimberly Woods,bendersamantha@example.net,2025-06-18,PREMIUM
330,Rhonda Farrell,jessicalewis@example.com,2023-10-03,PREMIUM
331,Mrs. Amy Houston MD,kathy43@example.org,2025-02-15,VIP
332,Jasmine Gonzalez,lucasscott@example.com,2024-12-02,PREMIUM
333,Randy Hart,smithbonnie@example.net,2024-08-10,VIP
334,Tyler Clark,rwilson@example.net,2023-12-01,REGULAR
335,Robert Henderson,bellnathan@example.com,2023-08-13,PREMIUM
336,James Lewis,maryburns@example.org,2023-08-29,REGULAR
337,Kenneth Evans,ewingmatthew@example.net,2025-05-03,REGULAR
338,Alexis Flores,lepaul@example.org,2024-08-08,PREMIUM
339,Laura Gross,alexis55@example.net,2026-03-15,PREMIUM
340,Laura Patel,amoss@example.net,2026-01-07,PREMIUM
341,Jamie Roth,soliserin@example.com,2023-08-23,REGULAR
342,Donald Gonzales,livictoria@example.com,2026-06-09,REGULAR
343,Tony Brewer,damon43@example.com,2024-03-23,PREMIUM
344,Charles Schneider,berryjohnexample.org,2025-08-27,REGULAR
345,Michelle Harmon,eric22@example.com,2025-09-25,REGULAR
346,Stephen Wilson,ybaldwin@example.net,2023-09-25,REGULAR
347,Julie Rogers,iodom@example.net,2025-05-01,PREMIUM
348,Nathaniel Martin,lucasjessica@example.org,2025-11-21,VIP
349,Kyle Estrada,pottercorey@example.com,2024-08-05,PREMIUM
350,Matthew Burnett,nancy86@example.org,2026-03-02,REGULAR
351,Isaiah Wall,lealicia@example.net,2023-08-01,PREMIUM
352,Kiara Allen,marisamoore@example.net,2025-08-19,PREMIUM
353,Matthew Nicholson,kingjenna@example.com,2026-04-09,VIP
354,Curtis Leblanc,ballarderic@example.net,2023-11-01,PREMIUM
355,Carl Hicks,saunderspatricia@example.org,2024-03-12,PREMIUM
356,Cindy Jackson,laurie68@example.net,2025-09-01,PREMIUM
357,Jasmin Harris,bowerskaren@example.net,2024-12-06,VIP
358,Joyce Wright,colekelly@example.org,2026-04-19,REGULAR
359,Rachael Randall,youngdeborah@example.com,2024-01-31,REGULAR
360,William Bennett,andrew47@example.org,2025-02-24,REGULAR
361,Amanda Martin,duffybrandy@example.com,2026-01-03,REGULAR
362,Brian Ross,kenneth33@example.org,2024-05-16,PREMIUM
363,Mrs. Leslie Goodwin,sandra28@example.com,2026-04-09,REGULAR
364,Mitchell Allen,godonnell@example.net,2024-05-08,PREMIUM
365,William Lloyd,david69@example.com,2025-08-12,REGULAR
366,Yvette Reeves,xperry@example.net,2024-09-30,VIP
367,Barbara Kelley,skinnersarah@example.net,2024-06-09,VIP
368,Jeff Booth Jr.,tanyaking@example.com,2025-08-12,PREMIUM
369,Patricia Harris,rachelsmith@example.org,2025-02-23,REGULAR
370,Jason Waller,ashley57@example.com,2023-11-19,VIP
371,James Rosales,chavezemily@example.org,2026-06-21,REGULAR
372,Jennifer Smith,rhoffman@example.org,2024-12-28,VIP
373,Marisa Arroyo,qfernandez@example.net,2023-08-03,VIP
374,Paula Chavez,william65@example.com,2024-11-07,REGULAR
375,Scott Ellison,mleon@example.org,2025-05-08,VIP
376,Dr. Douglas Molina Jr.,johncoffey@example.org,2025-06-09,REGULAR
377,Keith Douglas,megan92@example.net,2024-07-15,REGULAR
378,Gabriella Thomas,kelly05@example.com,2025-06-02,VIP
379,Karen Smith,allenhamilton@example.org,2024-02-10,PREMIUM
380,Karen Roberts,doliver@example.com,2025-07-16,PREMIUM
381,Brian Davis,emilysolis@example.org,2026-01-20,VIP
382,Teresa Watson,jennifer84@example.net,2026-04-09,REGULAR
383,Tammy White,marthagrant@example.net,2025-05-11,REGULAR
384,Julie Moran,eric03@example.com,2026-06-07,VIP
385,Jack Chavez,grobinson@example.net,2026-03-24,REGULAR
386,Mike Thomas,billybecker@example.net,2026-03-21,REGULAR
387,Jason Garcia,warrenpatrick@example.org,2025-02-10,VIP
388,Michael Fry,carolyn10@example.com,2023-10-09,PREMIUM
389,Tina Erickson,josephspence@example.org,2024-03-29,REGULAR
390,Lori Gallagher,derrick99@example.net,2025-08-17,REGULAR
391,James Phelps,kellybarker@example.org,2024-10-22,REGULAR
392,Adam Griffin,garciaronald@example.com,2025-07-20,REGULAR
393,Kenneth Mcdowell DDS,hollandholly@example.net,2024-12-24,PREMIUM
394,Joshua Gonzalez,scottclark@example.com,2024-01-15,PREMIUM
395,Nicole Campbell,lanebobby@example.org,2026-03-08,VIP
396,Justin West,sbrown@example.org,2025-03-01,PREMIUM
397,Bonnie Anderson,murrayshaun@example.com,2025-10-25,REGULAR
398,Wesley Richardson,rodney37@example.org,2026-02-22,PREMIUM
399,Eddie Ward,pduncan@example.com,2024-05-03,VIP
400,Mr. Zachary Conley,ijohnson@example.com,2024-11-29,PREMIUM
401,Robert Blevins,ywolf@example.org,2024-12-26,REGULAR
402,Ronald Olsen,amanda05@example.com,2026-02-04,PREMIUM
403,Nicholas Myers,rose80@example.net,2026-05-22,REGULAR
404,Craig Owens,cindymorris@example.net,2024-03-31,REGULAR
405,Veronica Avila,ugreen@example.org,2024-02-17,PREMIUM
406,Douglas Castro,kurtjones@example.org,2026-04-02,REGULAR
407,Michele Clark,kevinharrison@example.net,2025-06-24,PREMIUM
408,Kathryn Murphy,douglas24@example.org,2025-02-17,VIP
409,Dean Cameron,stephaniefleming@example.com,2025-01-13,VIP
410,Jeffrey Bean,mholt@example.com,2024-07-11,REGULAR
411,Andre Serrano,jprice@example.org,2026-03-22,PREMIUM
412,Lauren Gomez,jking@example.net,2024-08-14,REGULAR
413,Justin Perez,iarroyo@example.org,2025-01-07,VIP
414,Kelly Rogers,brookspamela@example.com,2026-06-09,REGULAR
415,Olivia Avila,walterskathryn@example.net,2025-06-14,REGULAR
416,Carol Valdez,kellyritter@example.com,2023-12-23,PREMIUM
417,Shannon Morrison,randytate@example.org,2024-03-28,VIP
418,Teresa Thomas,joshuablack@example.net,2024-07-29,REGULAR
419,Amanda Pierce,zweaver@example.net,2024-08-01,REGULAR
420,Jennifer Ford,elijah04@example.net,2026-04-30,PREMIUM
421,Emily Brady,jessicamccarty@example.org,2026-07-03,VIP
422,Suzanne Cook,hernandezkathleen@example.com,2026-03-21,REGULAR
423,Amy Walsh,frederick64@example.net,2025-01-08,VIP
424,Carl Miller,jcox@example.org,2025-09-14,VIP
425,Tracy Cisneros,mollyray@example.org,2024-01-09,PREMIUM
426,Joshua Reed,vincentthompson@example.com,2025-11-15,PREMIUM
427,Michael Pope,rodriguezdavid@example.org,2026-05-13,REGULAR
428,Matthew Hernandez,vickihartexample.org,2023-12-30,PREMIUM
429,Patricia Cox,suttonamanda@example.com,2026-05-07,REGULAR
430,Shawn Torres,amanda47@example.com,2023-12-17,REGULAR
431,Lisa Molina,hayley96,2023-12-15,REGULAR
432,Tonya Ferguson,murphyjoseph@example.org,2023-11-09,REGULAR
433,Logan Patterson,jonathan42@example.org,2024-03-25,REGULAR
434,Emily Lamb,james90@example.net,2026-04-06,VIP
435,Barry Farrell,hugheskatherine@example.net,2025-04-10,PREMIUM
436,Carl Carroll,cowanlaura@example.net,2023-09-19,PREMIUM
437,Jamie Moore,danabrandt@example.com,2025-04-08,REGULAR
438,Melissa Walker,wmorgan@example.org,2023-10-18,PREMIUM
439,Ann Boyer,mikayla18@example.org,2023-12-03,VIP
440,Raymond Dean,stevendavis@example.net,2025-12-06,VIP
441,Matthew Hendrix,patricia69@example.com,2023-12-19,VIP
442,Joseph Morris,andrearivera@example.com,2025-03-26,VIP
443,Walter Perry IV,brittney59@example.com,2024-03-12,PREMIUM
444,Hector Sullivan,abrooks@example.org,2024-11-15,PREMIUM
445,Roger Cox,wendymills@example.net,2024-06-02,VIP
446,Caleb Quinn,mathewsjennifer@example.com,2023-11-22,PREMIUM
447,Terrence Flores,eric32@example.com,2025-03-01,REGULAR
448,Jessica Richards,iholt,2024-11-13,PREMIUM
449,Gordon Jones,jill25@example.com,2023-08-16,PREMIUM
450,Sarah Christensen,billy81@example.org,2024-04-25,PREMIUM
451,Lindsay Perry,elizabeth87@example.net,2025-04-24,VIP
452,Maria Benson,christopherpierce@example.com,2025-10-06,PREMIUM
453,Brian Henderson,xadams@example.net,2024-03-18,REGULAR
454,Valerie Brown,acruz@example.com,2024-10-06,REGULAR
455,Tiffany Martinez,twright@example.com,2023-07-22,PREMIUM
456,Russell Wiley,ashley78@example.com,2024-10-29,REGULAR
457,Jasmine Mcguire,fosteralexis@example.net,2023-09-20,PREMIUM
458,Adam Hernandez,twarren@example.org,2026-03-19,VIP
459,Tom Tucker,codytodd@example.com,2024-09-03,REGULAR
460,James Wright,tina44@example.com,2023-08-22,REGULAR
461,Dominic Rowland,martinaustin@example.com,2025-11-06,PREMIUM
462,Stacey Sanchez,grimessteven@example.net,2023-12-22,REGULAR
463,Kristie Ford,amymay@example.org,2025-03-22,PREMIUM
464,Elizabeth Davis,brent11@example.org,2024-10-31,REGULAR
465,Nicholas Anderson,ghayes@example.com,2024-08-17,REGULAR
466,Sarah Byrd,stephaniejones@example.org,2024-08-12,VIP
467,Jessica Wright,brooksbradley@example.org,2025-09-25,VIP
468,Cesar Clark,debra35@example.net,2023-11-10,VIP
469,Abigail Gordon,jacqueline54@example.org,2023-10-12,PREMIUM
470,Jeffrey Scott,jessicaandersen@example.org,2025-08-28,VIP
471,David Welch,gward@example.net,2025-03-24,PREMIUM
472,Richard Zimmerman,gonzalesdylan@example.net,2026-04-14,REGULAR
473,Scott Wallace,brittany86@example.com,2024-10-29,PREMIUM
474,David Hall,michelle44@example.com,2025-09-25,PREMIUM
475,Dr. Sarah Campbell,lyonsdavid@example.com,2023-11-07,PREMIUM
476,Bradley Odom,floresclaire@example.org,2025-02-16,VIP
477,Robert Peterson,moralesalicia@example.com,2025-10-20,PREMIUM
478,Ruth Marsh,ledawn@example.net,2024-03-15,PREMIUM
479,Elizabeth Jackson,langgerald@example.net,2024-05-19,REGULAR
480,Julia Huynh,kevin38@example.net,2025-09-07,VIP
481,Mario Guzman,kelsey53@example.com,2025-07-26,VIP
482,Aaron Hickman,catherinehughes@example.com,2024-03-31,PREMIUM
483,Thomas Miller,joanneholden@example.net,2023-11-30,VIP
484,Justin Hammond,klee@example.com,2025-09-29,REGULAR
485,Jacqueline Cruz,jessicamann@example.com,2023-09-28,VIP
486,Erin Meyer,penaruth@example.org,2026-04-16,VIP
487,Mary Williams,morganashley@example.org,2023-10-31,PREMIUM
488,Christine Kelly,hansenmichael@example.org,2024-02-22,PREMIUM
489,David Osborne,pyoung@example.com,2025-03-21,VIP
490,Elizabeth Hernandez,dustinparrish@example.net,2025-07-10,PREMIUM
491,Beverly Peterson,ericlopez@example.net,2025-01-21,VIP
492,Laura Rice,bfuller@example.com,2023-08-20,PREMIUM
493,Matthew Martin,kmosley@example.com,2025-01-13,REGULAR
494,Jason Hernandez,cynthia30@example.com,2024-05-13,REGULAR
495,Brett Thomas,lindsey27@example.com,2023-09-24,PREMIUM
496,Ashley Scott,luis98@example.org,2024-12-08,VIP
497,John Roberts,cmiller@example.net,2024-04-14,REGULAR
498,Jennifer Taylor,isullivan@example.org,2025-05-26,PREMIUM
499,Nancy Baker,cnelson@example.net,2026-03-16,PREMIUM
500,William Davis,jeremy96@example.com,2026-07-07,PREMIUM
