item_id,order_id,product_id,quantity,unit_price,discount_percent
1,340,348,3,2287.22,20.01
2,176,272,7,1086.62,21.87
3,312,494,2,4557.82,65.19
4,437,478,5,4028.8,9.25
5,4,418,3,555.29,45.94
6,487,178,-158,4843.02,65.47
7,89,77,1,2189.45,89.98
8,140,64,7,4156.89,57.32
9,362,244,7,1563.44,2.99
10,144,123,6,3864.96,65.63
11,439,325,9,3251.13,94.17
12,71,117,8,2220.99,92.83
13,390,437,5,2121.61,74.49
14,387,434,8,2460.86,91.1
15,4,246,4,2588.3,43.01
16,443,440,9,320.17,68.7
17,43,109,5,1598.47,49.5
18,404,336,-79,2574.3,6.48
19,67,103,5,3292.41,28.39
20,209,230,9,4658.38,24.06
21,240,94,4,1982.99,77.27
22,19,440,2,320.17,66.13
23,169,326,3,2030.58,38.42
24,236,492,8,3627.87,57.01
25,433,350,6,3997.26,14.62
26,24,477,8,4502.32,11.49
27,403,345,8,993.47,77.94
28,176,481,4,2123.91,16.75
29,203,385,3,3097.34,18.31
30,241,109,4,1598.47,76.71
31,303,180,3,2223.12,87.77
32,403,498,1,4298.4,99.49
33,476,424,10,835.83,6.06
34,181,56,3,700.13,40.7
35,171,389,6,2289.76,72.47
36,270,22,3,3761.52,78.31
37,23,389,-109,2289.76,68.58
38,416,40,3,4768.01,4.5
39,78,247,2,3713.56,61.58
40,243,315,10,2376.94,80.47
41,463,418,9,555.29,58.03
42,481,337,4,2091.05,47.51
43,242,174,3,1677.09,99.46
44,126,89,4,2897.17,48.37
45,298,176,5,4494.67,76.75
46,173,23,2,2466.2,41.79
47,235,498,7,4298.4,28.46
48,229,299,10,2542.64,37.42
49,27,206,4,4746.39,99.73
50,421,179,5,625.11,93.19
51,495,82,9,1615.79,52.0
52,431,464,9,4354.55,61.67
53,43,140,9,2360.07,18.49
54,185,83,3,766.24,47.9
55,1,20,6,1106.19,77.14
56,477,486,7,870.77,25.16
57,173,414,4,1984.06,98.14
58,306,211,10,3503.19,35.5
59,374,121,6,1079.75,11.2
60,297,431,7,162.12,37.55
61,350,62,8,1194.02,46.84
62,86,208,6,1242.3,24.24
63,24,302,4,4240.55,96.73
64,390,44,9,4743.17,27.23
65,117,118,6,3112.87,53.61
66,398,112,4,3181.2,23.21
67,268,41,5,4792.3,74.54
68,383,350,2,3997.26,49.69
69,53,36,1,3098.26,70.98
70,203,434,7,2460.86,82.3
71,360,291,7,3537.02,43.82
72,389,259,9,978.17,21.44
73,177,330,10,1970.16,19.84
74,466,473,7,1783.44,1.26
75,478,380,7,1221.79,82.87
76,56,45,7,1653.06,44.72
77,278,65,4,1608.05,30.74
78,215,115,2,2041.49,53.37
79,207,71,6,2656.7,93.22
80,323,43,1,600.98,61.0
81,169,385,7,3097.34,84.82
82,61,82,2,1615.79,56.34
83,426,350,6,3997.26,24.7
84,83,363,1,4939.78,4.07
85,76,56,2,700.13,59.11
86,240,328,8,488.53,2.43
87,64,399,1,2462.55,43.72
88,9,382,4,818.6,61.87
89,383,419,6,4708.92,93.3
90,358,403,7,4309.5,3.9
91,130,201,1,2977.26,46.6
92,413,311,-123,2314.97,97.75
93,127,293,4,3114.47,25.66
94,1,449,6,2786.37,90.56
95,385,63,9,3687.57,0.69
96,413,421,8,3305.16,14.47
97,243,32,8,2789.12,6.81
98,412,448,8,3416.66,35.55
99,482,456,4,395.02,18.84
100,394,164,2,1514.86,93.17
101,457,133,4,1548.8,8.64
102,206,124,5,881.72,60.99
103,62,472,6,1236.03,73.34
104,255,293,5,3114.47,45.52
105,37,499,1,996.89,44.73
106,446,145,9,3838.61,53.01
107,94,244,7,1563.44,54.7
108,101,309,2,3323.81,22.52
109,266,166,5,3003.7,89.9
110,134,142,4,2096.69,83.45
111,77,95,3,2500.58,32.91
112,245,313,6,4358.56,71.24
113,395,72,10,2229.56,98.49
114,109,143,8,487.35,48.66
115,25,66,1,588.51,67.21
116,212,130,8,3153.96,64.96
117,386,201,10,2977.26,88.25
118,352,117,9,2220.99,35.81
119,206,140,10,2360.07,18.94
120,434,266,6,338.9,24.61
121,105,240,1,1415.28,63.19
122,326,381,1,4804.36,28.69
123,33,86,10,2523.5,30.83
124,425,316,1,628.0,77.96
125,118,55,5,1923.31,6.28
126,19,209,3,2577.45,6.25
127,107,350,5,3997.26,69.84
128,130,150,6,1451.45,12.64
129,149,319,4,3752.94,86.92
130,153,5,3,469.17,72.15
131,293,309,9,3323.81,34.15
132,103,436,4,4896.42,34.98
133,41,282,7,4342.54,16.88
134,393,250,2,1040.29,9.23
135,141,345,2,993.47,42.52
136,350,128,6,4692.49,95.71
137,344,243,2,2680.49,32.65
138,305,165,3,680.61,21.84
139,216,257,-66,1169.74,78.37
140,339,372,4,948.24,96.49
141,435,58,4,3125.15,61.51
142,377,14,1,2429.54,44.44
143,429,188,1,4800.6,57.56
144,289,282,1,4342.54,68.59
145,250,92,7,3010.48,55.31
146,60,353,1,995.71,39.67
147,115,269,10,2536.25,78.89
148,167,460,7,336.99,18.56
149,343,326,3,2030.58,78.77
150,137,442,10,3403.6,70.67
151,315,396,5,1696.28,17.02
152,304,413,8,3159.28,84.79
153,74,312,3,1918.93,37.3
154,465,366,4,4318.29,26.35
155,221,97,7,2438.07,50.44
156,111,52,7,1234.91,98.16
157,15,424,-34,835.83,46.71
158,300,412,2,3891.68,19.67
159,51,127,5,2632.83,60.69
160,391,69,5,2124.01,29.48
161,335,27,2,4502.02,28.47
162,454,303,7,1096.66,51.27
163,121,205,4,1887.28,50.38
164,395,84,3,3197.86,8.73
165,56,424,8,835.83,39.36
166,10,395,7,3502.01,88.32
167,141,243,9,2680.49,71.7
168,85,131,6,2099.84,88.47
169,156,285,5,2783.29,2.47
170,256,343,2,2046.68,60.64
171,99,423,2,2319.06,99.6
172,467,353,8,995.71,78.15
173,22,312,3,1918.93,96.72
174,138,175,8,1579.39,74.29
175,161,252,10,588.23,76.07
176,464,349,3,4214.4,88.23
177,260,73,8,3996.31,0.05
178,403,346,1,1563.48,86.97
179,303,375,4,1156.2,97.54
180,51,215,3,3934.64,53.82
181,132,242,5,2777.65,44.45
182,423,369,4,1361.24,56.83
183,220,240,4,1415.28,17.34
184,366,242,5,2777.65,0.32
185,151,38,4,790.41,75.56
186,42,436,8,4896.42,65.76
187,285,208,10,1242.3,52.09
188,283,312,3,1918.93,64.12
189,391,308,10,694.3,87.4
190,381,277,1,1739.21,21.07
191,253,150,5,1451.45,54.01
192,413,498,9,4298.4,15.23
193,331,53,1,3712.39,2.86
194,207,435,-41,109.48,34.55
195,35,412,4,3891.68,87.54
196,109,306,1,3728.43,21.29
197,476,65,2,1608.05,74.11
198,52,500,3,1225.41,7.43
199,91,86,6,2523.5,78.94
200,92,411,-78,1165.29,98.44
201,189,464,-148,4354.55,27.75
202,62,282,5,4342.54,83.07
203,351,285,10,2783.29,92.75
204,342,5,5,469.17,64.3
205,456,21,6,1896.97,80.15
206,57,238,3,4099.94,68.39
207,43,86,5,2523.5,20.97
208,485,431,8,162.12,54.94
209,176,36,8,3098.26,53.91
210,211,353,10,995.71,32.17
211,36,340,1,4314.88,88.29
212,423,408,4,244.97,87.21
213,482,344,2,2526.47,76.72
214,337,129,-78,540.46,42.26
215,436,72,2,2229.56,17.18
216,354,17,2,1272.53,5.4
217,227,146,7,1082.51,25.46
218,393,139,1,4295.29,53.85
219,312,204,2,1537.76,61.43
220,482,323,1,3657.87,59.23
221,295,484,8,3054.13,28.17
222,252,325,1,3251.13,11.65
223,105,303,8,1096.66,78.34
224,313,13,7,1515.46,30.52
225,21,263,8,2889.45,56.57
226,2,437,1,2121.61,7.2
227,415,196,7,2174.97,63.62
228,223,315,3,2376.94,5.84
229,251,283,8,663.8,17.29
230,217,336,6,2574.3,84.58
231,43,122,1,1172.77,28.12
232,250,207,7,1255.64,78.59
233,187,401,5,1744.7,11.89
234,163,180,5,2223.12,44.3
235,230,36,2,3098.26,86.29
236,164,166,3,3003.7,2.44
237,435,145,10,3838.61,25.21
238,10,411,5,1165.29,37.62
239,472,427,5,1877.29,64.63
240,236,307,6,556.38,8.37
241,478,32,7,2789.12,86.44
242,61,247,3,3713.56,39.02
243,225,291,8,3537.02,38.51
244,427,80,1,3781.35,93.22
245,299,446,1,289.42,88.14
246,129,384,7,3798.92,79.36
247,315,179,3,625.11,90.14
248,437,336,-23,2574.3,66.71
249,433,228,3,3881.94,76.3
250,24,66,1,588.51,97.04
251,166,167,7,934.51,90.42
252,233,420,3,839.52,48.94
253,69,202,10,824.87,68.83
254,49,119,1,4794.21,89.01
255,85,495,5,4407.59,20.69
256,53,228,6,3881.94,59.08
257,40,353,8,995.71,15.87
258,30,33,9,4524.59,88.24
259,353,282,4,4342.54,32.53
260,40,426,8,2903.56,4.03
261,5,367,2,1857.56,51.06
262,92,499,4,996.89,92.47
263,176,160,2,2054.38,59.35
264,98,374,6,395.32,24.71
265,222,112,6,3181.2,89.25
266,231,429,10,3428.56,39.44
267,45,353,6,995.71,85.66
268,232,32,5,2789.12,95.52
269,176,201,1,2977.26,87.27
270,81,391,1,835.11,19.98
271,231,73,10,3996.31,57.46
272,12,405,-183,2415.04,80.5
273,490,290,5,3172.07,56.37
274,482,155,10,3943.61,46.91
275,152,68,1,4435.48,35.18
276,4,225,6,138.95,89.18
277,216,158,2,1293.02,97.06
278,40,184,8,1038.59,70.61
279,87,271,-47,3057.37,36.87
280,239,395,10,3502.01,37.75
281,162,203,7,4471.55,80.96
282,181,272,10,1086.62,65.14
283,407,272,1,1086.62,16.0
284,152,474,10,2528.6,10.94
285,372,4,6,405.73,63.76
286,483,197,1,4788.15,84.16
287,76,34,6,4261.04,33.73
288,216,11,10,829.79,62.51
289,455,215,6,3934.64,75.57
290,145,386,2,790.89,33.42
291,166,371,4,3626.02,19.66
292,302,191,3,1604.45,88.7
293,195,360,1,4616.24,90.65
294,345,46,6,3330.0,92.26
295,416,180,4,2223.12,62.85
296,75,227,5,646.34,53.44
297,210,306,7,3728.43,8.48
298,496,224,8,2710.24,82.52
299,378,429,8,3428.56,6.75
300,162,419,8,4708.92,70.09
301,493,345,3,993.47,65.39
302,160,323,1,3657.87,17.39
303,308,176,2,4494.67,33.8
304,98,474,9,2528.6,5.1
305,363,165,8,680.61,67.71
306,448,154,9,4995.67,12.19
307,207,348,2,2287.22,45.46
308,228,149,10,1224.42,80.68
309,316,286,3,3596.3,68.39
310,312,188,8,4800.6,89.28
311,243,448,6,3416.66,64.84
312,5,67,7,2712.38,90.36
313,268,467,3,3700.62,43.44
314,347,135,2,4578.74,66.33
315,382,304,5,3487.2,85.85
316,70,418,10,555.29,57.16
317,160,473,10,1783.44,13.62
318,315,7,4,2851.06,7.65
319,293,136,5,1095.92,89.1
320,236,478,3,4028.8,18.92
321,474,187,-124,1780.8,81.52
322,217,359,-63,905.49,66.84
323,101,305,7,2980.14,4.92
324,456,70,10,2557.64,35.45
325,9,129,1,540.46,22.43
326,72,120,4,1885.58,22.44
327,98,129,9,540.46,79.71
328,225,435,-146,109.48,44.35
329,4,157,8,437.17,17.02
330,301,350,7,3997.26,10.43
331,278,382,4,818.6,44.98
332,290,375,1,1156.2,76.7
333,426,116,2,1434.62,31.43
334,126,210,2,3013.87,5.12
335,183,289,8,3571.59,16.14
336,61,236,4,2017.43,84.57
337,18,70,6,2557.64,89.56
338,13,102,3,501.05,2.68
339,331,58,9,3125.15,19.91
340,381,449,3,2786.37,98.43
341,456,348,6,2287.22,65.69
342,320,292,9,4285.23,56.9
343,4,168,6,3283.66,7.22
344,157,159,7,775.13,47.96
345,401,396,5,1696.28,50.78
346,182,42,3,1312.63,94.6
347,88,121,6,1079.75,64.1
348,370,312,5,1918.93,70.19
349,178,18,5,1367.36,12.29
350,195,393,10,616.28,67.75
351,211,198,1,181.47,60.61
352,80,234,10,4171.87,97.38
353,274,100,3,4035.91,42.46
354,123,224,10,2710.24,58.29
355,220,327,6,2434.35,68.52
356,247,60,9,3921.04,40.08
357,177,276,6,2850.72,92.57
358,496,108,4,2347.52,13.35
359,138,306,4,3728.43,35.82
360,298,32,4,2789.12,89.22
361,22,193,10,4306.08,23.6
362,123,57,9,3942.79,34.81
363,143,12,7,3452.06,70.36
364,100,107,2,1525.66,27.88
365,112,96,8,670.68,65.0
366,442,204,6,1537.76,87.05
367,255,65,9,1608.05,82.3
368,265,447,-70,3909.34,68.18
369,438,58,5,3125.15,58.72
370,420,149,3,1224.42,70.82
371,477,139,2,4295.29,36.4
372,296,165,2,680.61,34.47
373,53,27,8,4502.02,85.58
374,188,313,6,4358.56,33.55
375,33,80,3,3781.35,54.12
376,463,417,4,1639.49,8.97
377,311,127,4,2632.83,20.41
378,493,479,5,4008.68,9.42
379,105,108,6,2347.52,7.67
380,42,27,10,4502.02,9.9
381,305,351,8,1533.18,80.12
382,6,57,4,3942.79,93.88
383,352,206,2,4746.39,29.18
384,3,436,6,4896.42,67.77
385,441,160,7,2054.38,46.07
386,357,92,1,3010.48,18.31
387,430,278,5,1222.76,83.24
388,166,324,9,927.83,46.52
389,476,4,3,405.73,54.66
390,132,223,6,3669.2,68.15
391,402,462,6,2083.51,46.54
392,17,215,5,3934.64,54.03
393,354,83,6,766.24,14.97
394,135,216,6,681.99,69.33
395,113,161,8,4406.25,36.72
396,28,83,3,766.24,52.61
397,267,56,8,700.13,81.95
398,115,275,1,3845.48,26.03
399,173,452,3,643.33,42.35
400,261,295,8,1236.78,72.87
401,354,462,10,2083.51,58.39
402,305,392,5,1440.58,66.2
403,341,165,5,680.61,83.95
404,162,343,5,2046.68,43.33
405,198,304,6,3487.2,1.01
406,267,53,1,3712.39,7.3
407,376,211,4,3503.19,94.46
408,229,43,1,600.98,81.05
409,338,57,2,3942.79,53.7
410,108,342,5,2032.08,39.69
411,241,225,2,138.95,27.36
412,425,27,3,4502.02,84.98
413,357,69,2,2124.01,26.29
414,244,180,2,2223.12,78.13
415,81,364,4,646.57,88.83
416,96,14,1,2429.54,26.15
417,414,15,8,3485.36,29.57
418,148,342,9,2032.08,34.24
419,133,289,9,3571.59,94.86
420,356,5,7,469.17,29.84
421,73,24,10,1782.51,19.22
422,472,251,2,4381.71,42.59
423,251,23,1,2466.2,96.46
424,15,334,4,2429.75,16.61
425,122,155,1,3943.61,17.96
426,470,471,8,3429.55,89.76
427,122,186,7,1696.37,25.96
428,489,415,4,2899.29,80.25
429,129,312,7,1918.93,26.99
430,407,150,6,1451.45,68.17
431,269,101,5,3771.82,14.44
432,359,331,5,1193.59,73.14
433,430,431,9,162.12,46.21
434,347,444,8,539.14,65.09
435,396,407,9,839.86,17.9
436,312,499,6,996.89,16.0
437,495,303,9,1096.66,38.49
438,469,284,6,4659.8,39.69
439,470,244,8,1563.44,45.64
440,53,271,5,3057.37,84.98
441,483,369,6,1361.24,34.32
442,464,200,7,2342.61,82.63
443,160,387,4,1545.69,80.61
444,289,206,5,4746.39,57.85
445,261,308,2,694.3,7.7
446,257,468,9,3949.97,64.92
447,143,144,6,1843.16,34.39
448,421,343,2,2046.68,59.91
449,464,341,9,3637.73,1.27
450,26,437,-133,2121.61,60.52
451,256,490,10,1396.64,45.91
452,193,209,5,2577.45,49.92
453,390,49,2,818.59,26.52
454,167,253,3,1809.59,68.62
455,292,202,2,824.87,70.77
456,355,144,7,1843.16,10.96
457,332,451,9,980.59,31.22
458,296,108,2,2347.52,6.82
459,369,80,7,3781.35,65.95
460,153,97,8,2438.07,23.32
461,48,19,9,1928.21,76.47
462,208,438,7,3344.91,30.49
463,132,487,6,1586.63,74.28
464,401,223,6,3669.2,32.68
465,343,151,3,1793.13,76.47
466,414,296,5,1838.04,9.18
467,125,237,7,4706.12,14.88
468,304,151,8,1793.13,40.89
469,48,300,9,3793.07,58.14
470,283,468,8,3949.97,54.26
471,480,413,7,3159.28,65.0
472,363,327,8,2434.35,4.31
473,179,92,9,3010.48,34.5
474,332,78,2,4701.27,45.13
475,121,447,7,3909.34,67.48
476,293,335,9,1424.69,53.44
477,11,128,1,4692.49,58.64
478,17,420,7,839.52,68.43
479,172,460,8,336.99,83.74
480,393,120,8,1885.58,40.85
481,61,63,2,3687.57,98.46
482,325,64,4,4156.89,3.41
483,273,106,7,1110.86,90.84
484,433,356,6,2058.55,21.16
485,487,373,10,1451.75,5.85
486,464,252,10,588.23,86.88
487,228,460,6,336.99,93.69
488,199,399,4,2462.55,87.74
489,31,325,-91,3251.13,73.5
490,492,290,5,3172.07,53.6
491,283,147,9,4987.7,28.09
492,186,215,2,3934.64,21.59
493,321,55,9,1923.31,85.28
494,213,38,10,790.41,50.95
495,74,453,7,3071.19,43.26
496,67,411,10,1165.29,76.13
497,394,482,2,3156.46,27.1
498,102,438,10,3344.91,11.2
499,479,385,2,3097.34,56.41
500,393,163,10,4092.69,13.84
