product_id,product_name,category,subcategory,cost_price
1,Meeting Fiction,Books,Fiction,4444.78
2,Red Comics,Books,Comics,1827.75
3,Protect Women,Clothing,Women,3643.49
4,Individual Furniture,Home,Furniture,405.73
5,Number Accessories,Electronics,Accessories,469.17
6,  Past Kids  ,Clothing,Kids,1695.08
7,Memory Education,Books,Education,2851.06
8,Figure Decor,Home,Decor,835.97
9,Administration Men,Clothing,Men,1284.67
10,SONG KIDS,Clothing,Kids,683.89
11,Wait Furniture,Home,Furniture,829.79
12,Avoid Accessories,Electronics,Accessories,3452.06
13,Far Men,Clothing,Men,1515.46
14,Owner Fiction,Books,Fiction,2429.54
15,Future Comics,Books,Comics,3485.36
16,Full Women,Clothing,Women,3516.45
17,Chance Fiction,Books,Fiction,1272.53
18,Them Women,Clothing,Women,1367.36
19,Power Furniture,Home,Furniture,1928.21
20,School Mobile,Electronics,Mobile,1106.19
21,Candidate Fiction,Books,Fiction,1896.97
22,Door Accessories,Electronics,Accessories,3761.52
23,Wind Kids,Clothing,Kids,2466.2
24,Change Women,Clothing,Women,1782.51
25,Hear Education,Books,Education,2375.8
26,POSITION KIDS,Clothing,Kids,1971.42
27,Law Laptop,Electronics,Laptop,4502.02
28,Top Education,Books,Education,2314.73
29,Of Kids,Clothing,Kids,414.64
30,Professional Decor,Home,Decor,1398.65
31,Decision Comics,Books,Comics,4453.67
32,Painting Fiction,Books,Fiction,2789.12
33,Institution Kids,Clothing,Kids,4524.59
34,Difficult Fiction,Books,Fiction,4261.04
35,Pass Accessories,Electronics,Accessories,2018.2
36,Surface Men,Clothing,Men,3098.26
37,Culture Fiction,Books,Fiction,647.81
38,Claim Furniture,Home,Furniture,790.41
39,Reason Mobile,Electronics,Mobile,3165.8
40,Congress Education,Books,Education,4768.01
41,Choose Fiction,Books,Fiction,4792.3
42,Even Comics,Books,Comics,1312.63
43,Somebody Education,Books,Education,600.98
44,Across Decor,Home,Decor,4743.17
45,List Kids,Clothing,Kids,1653.06
46,Will Mobile,Electronics,Mobile,3330.0
47,Nice Decor,Home,Decor,4156.21
48,Much Women,Clothing,Women,4774.44
49,Phone Women,Clothing,Women,818.59
50,Push Mobile,Electronics,Mobile,3480.7
51,Use Education,Books,Education,2860.4
52,Let Education,Books,Education,1234.91
53,Simple Furniture,Home,Furniture,3712.39
54,seven accessories,Electronics,Accessories,3949.38
55,Meeting Fiction,Books,Fiction,1923.31
56,Choice Decor,Home,Decor,700.13
57,Fire Furniture,Home,Furniture,3942.79
58,Apply Accessories,Electronics,Accessories,3125.15
59,Specific Laptop,Electronics,Laptop,1524.92
60,Really Comics,Books,Comics,3921.04
61,Interview Men,Clothing,Men,745.91
62,Enjoy Accessories,Electronics,Accessories,1194.02
63,As Education,Books,Education,3687.57
64,  In Laptop  ,Electronics,Laptop,4156.89
65,Already Comics,Books,Comics,1608.05
66,Sound Education,Books,Education,588.51
67,Trade Kitchen,Home,Kitchen,2712.38
68,During Comics,Books,Comics,4435.48
69,Small Kitchen,Home,Kitchen,2124.01
70,Environmental Mobile,Electronics,Mobile,2557.64
71,Improve Furniture,Home,Furniture,2656.7
72,Billion Kitchen,Home,Kitchen,2229.56
73,Feeling Mobile,Electronics,Mobile,3996.31
74,Notice Men,Clothing,Men,1679.09
75,Degree Fiction,Books,Fiction,4284.19
76,Ready Fiction,Books,Fiction,1131.42
77,Allow Men,Clothing,Men,2189.45
78,Case Mobile,Electronics,Mobile,4701.27
79,Author Mobile,Electronics,Mobile,1479.16
80,Religious Kids,Clothing,Kids,3781.35
81,Week Decor,Home,Decor,2761.26
82,Letter Kitchen,Home,Kitchen,1615.79
83,Military Fiction,Books,Fiction,766.24
84,Live Education,Books,Education,3197.86
85,Federal Decor,Home,Decor,896.04
86,Throw Comics,Books,Comics,2523.5
87,Gun Men,Clothing,Men,382.34
88,Owner Laptop,Electronics,Laptop,943.4
89,Mind Mobile,Electronics,Mobile,2897.17
90,Push Men,Clothing,Men,2655.71
91,Floor Laptop,Electronics,Laptop,1744.67
92,  Catch Kitchen  ,Home,Kitchen,3010.48
93,Letter Comics,Books,Comics,4085.28
94,Big Mobile,Electronics,Mobile,1982.99
95,Seat Men,Clothing,Men,2500.58
96,Positive Decor,Home,Decor,670.68
97,PERHAPS KIDS,Clothing,Kids,2438.07
98,Line Comics,Books,Comics,3532.04
99,Kind Decor,Home,Decor,198.87
100,Better Education,Books,Education,4035.91
101,Lot Accessories,Electronics,Accessories,3771.82
102,After Fiction,Books,Fiction,501.05
103,Reality Women,Clothing,Women,3292.41
104,Free Kids,Clothing,Kids,4683.09
105,Meet Women,Clothing,Women,615.11
106,SEVERAL LAPTOP,Electronics,Laptop,1110.86
107,NAME LAPTOP,Electronics,Laptop,1525.66
108,Share Comics,Books,Comics,2347.52
109,Campaign Mobile,Electronics,Mobile,1598.47
110,Key Men,Clothing,Men,2906.72
111,Pm Fiction,Books,Fiction,3708.56
112,Something Laptop,Electronics,Laptop,3181.2
113,Both Education,Books,Education,124.22
114,Identify Furniture,Home,Furniture,4360.46
115,Activity Comics,Books,Comics,2041.49
116,Necessary Comics,Books,Comics,1434.62
117,Its Fiction,Books,Fiction,2220.99
118,Individual Laptop,Electronics,Laptop,3112.87
119,Defense Comics,Books,Comics,4794.21
120,trial kitchen,Home,Kitchen,1885.58
121,Also Furniture,Home,Furniture,1079.75
122,Source Comics,Books,Comics,1172.77
123,Perform Comics,Books,Comics,3864.96
124,Future Comics,Books,Comics,881.72
125,As Women,Clothing,Women,3901.02
126,Ago Laptop,Electronics,Laptop,2810.75
127,Attorney Laptop,Electronics,Laptop,2632.83
128,Size Decor,Home,Decor,4692.49
129,Say Accessories,Electronics,Accessories,540.46
130,Market Accessories,Electronics,Accessories,3153.96
131,Avoid Women,Clothing,Women,2099.84
132,STEP WOMEN,Clothing,Women,1483.14
133,Control Fiction,Books,Fiction,1548.8
134,Lot Kitchen,Home,Kitchen,466.33
135,Whole Decor,Home,Decor,4578.74
136,Stay Furniture,Home,Furniture,1095.92
137,Travel Comics,Books,Comics,3688.8
138,Since Kitchen,Home,Kitchen,946.51
139,He Women,Clothing,Women,4295.29
140,Four Comics,Books,Comics,2360.07
141,Base Kitchen,Home,Kitchen,3366.62
142,More Fiction,Books,Fiction,2096.69
143,Risk Men,Clothing,Men,487.35
144,Check Laptop,Electronics,Laptop,1843.16
145,Anything Accessories,Electronics,Accessories,3838.61
146,There Kitchen,Home,Kitchen,1082.51
147,Yes Accessories,Electronics,Accessories,4987.7
148,Plant Mobile,Electronics,Mobile,544.04
149,Church Men,Clothing,Men,1224.42
150,Book Comics,Books,Comics,1451.45
151,Run Education,Books,Education,1793.13
152,Painting Men,Clothing,Men,3152.09
153,Red Education,Books,Education,1835.79
154,Us Laptop,Electronics,Laptop,4995.67
155,Number Accessories,Electronics,Accessories,3943.61
156,While Laptop,Electronics,Laptop,492.6
157,Sport Accessories,Electronics,Accessories,437.17
158,Woman Women,Clothing,Women,1293.02
159,Various Fiction,Books,Fiction,775.13
160,Consumer Decor,Home,Decor,2054.38
161,Reality Comics,Books,Comics,4406.25
162,Think Education,Books,Education,1749.93
163,Outside Education,Books,Education,4092.69
164,Poor Fiction,Books,Fiction,1514.86
165,Exactly Education,Books,Education,680.61
166,Morning Fiction,Books,Fiction,3003.7
167,Pretty Education,Books,Education,934.51
168,Security Mobile,Electronics,Mobile,3283.66
169,Stage Accessories,Electronics,Accessories,4761.12
170,Read Accessories,Electronics,Accessories,2971.2
171,Either Accessories,Electronics,Accessories,1236.37
172,Protect Education,Books,Education,2587.35
173,Her Furniture,Home,Furniture,3790.61
174,Citizen Men,Clothing,Men,1677.09
175,Man Furniture,Home,Furniture,1579.39
176,Item Women,Clothing,Women,4494.67
177,Out Men,Clothing,Men,4356.34
178,Letter Mobile,Electronics,Mobile,4843.02
179,Need Kids,Clothing,Kids,625.11
180,Practice Kids,Clothing,Kids,2223.12
181,Provide Furniture,Home,Furniture,211.02
182,Visit Women,Clothing,Women,1223.63
183,Million Furniture,Home,Furniture,391.53
184,Picture Kids,Clothing,Kids,1038.59
185,Small Kitchen,Home,Kitchen,4631.64
186,That Women,Clothing,Women,1696.37
187,BALL WOMEN,Clothing,Women,1780.8
188,All Decor,Home,Decor,4800.6
189,Voice Men,Clothing,Men,4131.07
190,Person Fiction,Books,Fiction,3243.29
191,Relationship Education,Books,Education,1604.45
192,Into Women,Clothing,Women,4296.16
193,Million Education,Books,Education,4306.08
194,Force Mobile,Electronics,Mobile,4994.18
195,A Mobile,Electronics,Mobile,1502.97
196,Blood Fiction,Books,Fiction,2174.97
197,Do Furniture,Home,Furniture,4788.15
198,Play Kitchen,Home,Kitchen,181.47
199,Real Education,Books,Education,1748.03
200,Agreement Accessories,Electronics,Accessories,2342.61
201,But Mobile,Electronics,Mobile,2977.26
202,Life Comics,Books,Comics,824.87
203,Quickly Comics,Books,Comics,4471.55
204,Strong Kitchen,Home,Kitchen,1537.76
205,Response Mobile,Electronics,Mobile,1887.28
206,Member Mobile,Electronics,Mobile,4746.39
207,High Laptop,Electronics,Laptop,1255.64
208,Story Kids,Clothing,Kids,1242.3
209,Career Kids,Clothing,Kids,2577.45
210,Down Mobile,Electronics,Mobile,3013.87
211,Player Furniture,Home,Furniture,3503.19
212,Join Kitchen,Home,Kitchen,3255.15
213,Gun Laptop,Electronics,Laptop,4088.59
214,Painting Laptop,Electronics,Laptop,1825.42
215,Stage Laptop,Electronics,Laptop,3934.64
216,Character Decor,Home,Decor,681.99
217,No Kitchen,Home,Kitchen,2358.78
218,Get Laptop,Electronics,Laptop,3340.81
219,What Kids,Clothing,Kids,3033.36
220,Song Kids,Clothing,Kids,1373.8
221,Walk Women,Clothing,Women,427.17
222,WORK WOMEN,Clothing,Women,2211.38
223,Generation Mobile,Electronics,Mobile,3669.2
224,Power Decor,Home,Decor,2710.24
225,Say Comics,Books,Comics,138.95
226,Talk Furniture,Home,Furniture,4183.52
227,Add Decor,Home,Decor,646.34
228,Religious Comics,Books,Comics,3881.94
229,Project Furniture,Home,Furniture,280.97
230,Behavior Decor,Home,Decor,4658.38
231,Mouth Kids,Clothing,Kids,3468.4
232,Although Mobile,Electronics,Mobile,3672.49
233,Book Women,Clothing,Women,1583.65
234,But Decor,Home,Decor,4171.87
235,Other Mobile,Electronics,Mobile,4226.73
236,Throughout Comics,Books,Comics,2017.43
237,Work Education,Books,Education,4706.12
238,Over Kitchen,Home,Kitchen,4099.94
239,Cup Kitchen,Home,Kitchen,3262.68
240,Study Men,Clothing,Men,1415.28
241,Question Furniture,Home,Furniture,2996.52
242,Necessary Comics,Books,Comics,2777.65
243,Involve Kitchen,Home,Kitchen,2680.49
244,Per Kids,Clothing,Kids,1563.44
245,Opportunity Furniture,Home,Furniture,4859.05
246,Time Mobile,Electronics,Mobile,2588.3
247,Style Mobile,Electronics,Mobile,3713.56
248,Space Women,Clothing,Women,1773.03
249,Past Comics,Books,Comics,1956.81
250,What Mobile,Electronics,Mobile,1040.29
251,Perform Mobile,Electronics,Mobile,4381.71
252,Themselves Accessories,Electronics,Accessories,588.23
253,Someone Women,Clothing,Women,1809.59
254,Ahead Fiction,Books,Fiction,3217.04
255,Specific Furniture,Home,Furniture,3726.79
256,Production Kitchen,Home,Kitchen,3244.13
257,Evening Education,Books,Education,1169.74
258,Travel Kids,Clothing,Kids,3622.88
259,Sister Kitchen,Home,Kitchen,978.17
260,Peace Mobile,Electronics,Mobile,1015.84
261,Fear Kids,Clothing,Kids,1448.89
262,Sport Kids,Clothing,Kids,3302.28
263,Them Education,Books,Education,2889.45
264,Develop Decor,Home,Decor,3624.35
265,Already Women,Clothing,Women,2542.35
266,Result Women,Clothing,Women,338.9
267,Test Men,Clothing,Men,931.27
268,Unit Women,Clothing,Women,1070.9
269,Affect Men,Clothing,Men,2536.25
270,Dream Kitchen,Home,Kitchen,1335.46
271,Most Mobile,Electronics,Mobile,3057.37
272,Begin Fiction,Books,Fiction,1086.62
273,Chance Women,Clothing,Women,4891.38
274,I Men,Clothing,Men,3280.56
275,Available Furniture,Home,Furniture,3845.48
276,Mrs Men,Clothing,Men,2850.72
277,Remain Kitchen,Home,Kitchen,1739.21
278,Reach Mobile,Electronics,Mobile,1222.76
279,Expert Kids,Clothing,Kids,1578.06
280,Include Kitchen,Home,Kitchen,3070.05
281,  Often Mobile  ,Electronics,Mobile,1370.15
282,Natural Comics,Books,Comics,4342.54
283,Most Kids,Clothing,Kids,663.8
284,Operation Women,Clothing,Women,4659.8
285,Successful Accessories,Electronics,Accessories,2783.29
286,Drive Laptop,Electronics,Laptop,3596.3
287,Fine Mobile,Electronics,Mobile,4386.57
288,Toward Fiction,Books,Fiction,3829.13
289,Media Men,Clothing,Men,3571.59
290,medical women,Clothing,Women,3172.07
291,Him Furniture,Home,Furniture,3537.02
292,Table Kitchen,Home,Kitchen,4285.23
293,Degree Furniture,Home,Furniture,3114.47
294,Three Comics,Books,Comics,522.33
295,Laugh Mobile,Electronics,Mobile,1236.78
296,Name Men,Clothing,Men,1838.04
297,So Decor,Home,Decor,514.84
298,Whose Women,Clothing,Women,4926.55
299,Long Comics,Books,Comics,2542.64
300,Recent Furniture,Home,Furniture,3793.07
301,Director Women,Clothing,Women,2555.87
302,Affect Men,Clothing,Men,4240.55
303,Game Furniture,Home,Furniture,1096.66
304,Personal Furniture,Home,Furniture,3487.2
305,Old Kitchen,Home,Kitchen,2980.14
306,Range Women,Clothing,Women,3728.43
307,Under Men,Clothing,Men,556.38
308,Current Accessories,Electronics,Accessories,694.3
309,Either Accessories,Electronics,Accessories,3323.81
310,Group Kids,Clothing,Kids,1319.2
311,Notice Education,Books,Education,2314.97
312,Tax Laptop,Electronics,Laptop,1918.93
313,Kitchen Laptop,Electronics,Laptop,4358.56
314,Himself Comics,Books,Comics,108.05
315,Argue Accessories,Electronics,Accessories,2376.94
316,Attack Men,Clothing,Men,628.0
317,Office Furniture,Home,Furniture,1577.91
318,DOCTOR DECOR,Home,Decor,1394.39
319,Significant Accessories,Electronics,Accessories,3752.94
320,Share Decor,Home,Decor,3697.38
321,Defense Mobile,Electronics,Mobile,1235.39
322,environment comics,Books,Comics,2467.25
323,Respond Laptop,Electronics,Laptop,3657.87
324,Around Furniture,Home,Furniture,927.83
325,Truth Fiction,Books,Fiction,3251.13
326,Federal Fiction,Books,Fiction,2030.58
327,Force Kids,Clothing,Kids,2434.35
328,Top Accessories,Electronics,Accessories,488.53
329,Hear Accessories,Electronics,Accessories,4516.25
330,Common Decor,Home,Decor,1970.16
331,Mouth Women,Clothing,Women,1193.59
332,Itself Accessories,Electronics,Accessories,2032.05
333,Relate Decor,Home,Decor,3581.19
334,Behavior Fiction,Books,Fiction,2429.75
335,Affect Kitchen,Home,Kitchen,1424.69
336,Budget Kids,Clothing,Kids,2574.3
337,System Kids,Clothing,Kids,2091.05
338,Since Women,Clothing,Women,3199.76
339,Commercial Accessories,Electronics,Accessories,494.94
340,Better Kids,Clothing,Kids,4314.88
341,Congress Fiction,Books,Fiction,3637.73
342,Financial Kids,Clothing,Kids,2032.08
343,Whatever Laptop,Electronics,Laptop,2046.68
344,Not Decor,Home,Decor,2526.47
345,Sister Men,Clothing,Men,993.47
346,New Women,Clothing,Women,1563.48
347,Kitchen Kitchen,Home,Kitchen,3982.36
348,  Right Kids  ,Clothing,Kids,2287.22
349,Federal Men,Clothing,Men,4214.4
350,Push Furniture,Home,Furniture,3997.26
351,Start Furniture,Home,Furniture,1533.18
352,Politics Laptop,Electronics,Laptop,721.64
353,Have Fiction,Books,Fiction,995.71
354,Want Comics,Books,Comics,4598.36
355,This Decor,Home,Decor,3091.16
356,Road Education,Books,Education,2058.55
357,APPROACH KIDS,Clothing,Kids,3265.26
358,Laugh Women,Clothing,Women,2484.05
359,His Accessories,Electronics,Accessories,905.49
360,Continue Education,Books,Education,4616.24
361,Human Women,Clothing,Women,3987.73
362,Institution Kids,Clothing,Kids,3335.72
363,Probably Kitchen,Home,Kitchen,4939.78
364,THINK DECOR,Home,Decor,646.57
365,Sort Mobile,Electronics,Mobile,1616.63
366,Under Kids,Clothing,Kids,4318.29
367,Seat Men,Clothing,Men,1857.56
368,She Mobile,Electronics,Mobile,3475.62
369,Other Education,Books,Education,1361.24
370,Specific Accessories,Electronics,Accessories,3939.52
371,Show Decor,Home,Decor,3626.02
372,Affect Laptop,Electronics,Laptop,948.24
373,Behind Men,Clothing,Men,1451.75
374,Specific Kids,Clothing,Kids,395.32
375,Blood Women,Clothing,Women,1156.2
376,Reduce Comics,Books,Comics,2709.13
377,Along Kitchen,Home,Kitchen,1130.52
378,Movie Decor,Home,Decor,4612.15
379,Both Accessories,Electronics,Accessories,3622.39
380,Her Men,Clothing,Men,1221.79
381,Still Furniture,Home,Furniture,4804.36
382,Stuff Laptop,Electronics,Laptop,818.6
383,We Fiction,Books,Fiction,3450.24
384,Tough Furniture,Home,Furniture,3798.92
385,Gas Laptop,Electronics,Laptop,3097.34
386,Quickly Men,Clothing,Men,790.89
387,Miss Kids,Clothing,Kids,1545.69
388,She Laptop,Electronics,Laptop,3198.74
389,Popular Men,Clothing,Men,2289.76
390,Attorney Fiction,Books,Fiction,307.29
391,Note Fiction,Books,Fiction,835.11
392,Century Women,Clothing,Women,1440.58
393,Factor Accessories,Electronics,Accessories,616.28
394,Free Women,Clothing,Women,3276.84
395,Exactly Mobile,Electronics,Mobile,3502.01
396,Suffer Furniture,Home,Furniture,1696.28
397,Low Kitchen,Home,Kitchen,2685.67
398,Feel Comics,Books,Comics,4775.16
399,Local Kids,Clothing,Kids,2462.55
400,Determine Women,Clothing,Women,2391.65
401,Nearly Laptop,Electronics,Laptop,1744.7
402,Security Women,Clothing,Women,902.11
403,RADIO EDUCATION,Books,Education,4309.5
404,Debate Decor,Home,Decor,4246.6
405,  Claim Kids  ,Clothing,Kids,2415.04
406,Community Women,Clothing,Women,1074.72
407,Responsibility Accessories,Electronics,Accessories,839.86
408,Dream Kids,Clothing,Kids,244.97
409,Prepare Education,Books,Education,2922.24
410,Account Kitchen,Home,Kitchen,3198.16
411,Organization Women,Clothing,Women,1165.29
412,National Comics,Books,Comics,3891.68
413,Though Comics,Books,Comics,3159.28
414,service kitchen,Home,Kitchen,1984.06
415,Pattern Fiction,Books,Fiction,2899.29
416,Role Education,Books,Education,4116.09
417,Table Furniture,Home,Furniture,1639.49
418,Must Men,Clothing,Men,555.29
419,Popular Accessories,Electronics,Accessories,4708.92
420,  Those Kids  ,Clothing,Kids,839.52
421,Civil Accessories,Electronics,Accessories,3305.16
422,Agree Accessories,Electronics,Accessories,2486.84
423,NOTICE KITCHEN,Home,Kitchen,2319.06
424,Third Mobile,Electronics,Mobile,835.83
425,Toward Men,Clothing,Men,3349.05
426,  Evidence Fiction  ,Books,Fiction,2903.56
427,Section Decor,Home,Decor,1877.29
428,Wrong Furniture,Home,Furniture,3656.21
429,Detail Women,Clothing,Women,3428.56
430,Real Kitchen,Home,Kitchen,4387.81
431,Effect Comics,Books,Comics,162.12
432,Foreign Furniture,Home,Furniture,3199.18
433,Age Kitchen,Home,Kitchen,730.85
434,I Kitchen,Home,Kitchen,2460.86
435,Plant Furniture,Home,Furniture,109.48
436,Single Fiction,Books,Fiction,4896.42
437,Focus Decor,Home,Decor,2121.61
438,  Teacher Men  ,Clothing,Men,3344.91
439,Prevent Education,Books,Education,4437.68
440,Rate Decor,Home,Decor,320.17
441,Rise Accessories,Electronics,Accessories,826.75
442,Several Kids,Clothing,Kids,3403.6
443,Face Education,Books,Education,3976.54
444,Hotel Comics,Books,Comics,539.14
445,Yeah Comics,Books,Comics,3215.67
446,Total Women,Clothing,Women,289.42
447,Lawyer Mobile,Electronics,Mobile,3909.34
448,Activity Kitchen,Home,Kitchen,3416.66
449,Too Women,Clothing,Women,2786.37
450,Claim Mobile,Electronics,Mobile,3445.79
451,Wall Kitchen,Home,Kitchen,980.59
452,range kitchen,Home,Kitchen,643.33
453,Fight Women,Clothing,Women,3071.19
454,Stock Kitchen,Home,Kitchen,3192.09
455,Simply Men,Clothing,Men,2526.3
456,Player Kids,Clothing,Kids,395.02
457,Office Decor,Home,Decor,4023.97
458,Star Fiction,Books,Fiction,2240.91
459,Current Fiction,Books,Fiction,297.06
460,Factor Kids,Clothing,Kids,336.99
461,Time Women,Clothing,Women,2472.94
462,Light Laptop,Electronics,Laptop,2083.51
463,Perform Mobile,Electronics,Mobile,3814.24
464,Understand Accessories,Electronics,Accessories,4354.55
465,Majority Education,Books,Education,4353.93
466,Stay Accessories,Electronics,Accessories,3880.38
467,Article Fiction,Books,Fiction,3700.62
468,This Men,Clothing,Men,3949.97
469,Reach Laptop,Electronics,Laptop,2652.9
470,Drop Kitchen,Home,Kitchen,2368.11
471,Here Furniture,Home,Furniture,3429.55
472,Few Men,Clothing,Men,1236.03
473,Former Mobile,Electronics,Mobile,1783.44
474,White Fiction,Books,Fiction,2528.6
475,Half Accessories,Electronics,Accessories,913.27
476,Practice Comics,Books,Comics,3485.7
477,Body Laptop,Electronics,Laptop,4502.32
478,Center Education,Books,Education,4028.8
479,Billion Comics,Books,Comics,4008.68
480,Pressure Kids,Clothing,Kids,720.66
481,WORLD MOBILE,Electronics,Mobile,2123.91
482,Spring Accessories,Electronics,Accessories,3156.46
483,Fire Decor,Home,Decor,3460.22
484,Law Women,Clothing,Women,3054.13
485,Rest Women,Clothing,Women,3951.52
486,Where Mobile,Electronics,Mobile,870.77
487,Already Kitchen,Home,Kitchen,1586.63
488,  Enter Accessories  ,Electronics,Accessories,1541.4
489,Statement Laptop,Electronics,Laptop,387.71
490,Must Mobile,Electronics,Mobile,1396.64
491,Today Kitchen,Home,Kitchen,3878.17
492,Knowledge Accessories,Electronics,Accessories,3627.87
493,Capital Education,Books,Education,4575.08
494,Return Furniture,Home,Furniture,4557.82
495,Woman Laptop,Electronics,Laptop,4407.59
496,If Men,Clothing,Men,2816.77
497,Reflect Women,Clothing,Women,3219.31
498,Congress Kids,Clothing,Kids,4298.4
499,National Fiction,Books,Fiction,996.89
500,Relationship Decor,Home,Decor,1225.41
