customer_id,customer_name,email,registration_date,customer_type
1,Tony Miller,christopher33@example.com,2026-05-02,REGULAR
2,Leonard Warren,igriffin@example.net,2026-05-06,REGULAR
3,Donna Reese,benjaminramos@example.org,2025-02-02,PREMIUM
4,Sharon Morrison,timothytaylor@example.com,2025-03-09,REGULAR
5,Debra Singh,jhenderson@example.com,2024-04-07,VIP
6,Ralph Meadows,ericholmes@example.org,2024-06-20,PREMIUM
7,Vanessa Stewart,csingleton@example.org,2024-11-22,PREMIUM
8,Jacqueline Miller,troylin@example.org,2025-04-26,PREMIUM
9,Kenneth Lynch,harriswilliam@example.org,2025-09-09,PREMIUM
10,Richard Gonzalez,sabrinasmith@example.org,2024-12-15,PREMIUM
11,Anne Carter,dannygibbs@example.com,2024-11-06,PREMIUM
12,Kyle Gonzalez,patrick59@example.com,2025-11-09,PREMIUM
13,Angel Keller,nicole70@example.net,2026-02-10,PREMIUM
14,Shannon Payne,gbishop@example.com,2024-10-20,REGULAR
15,Amanda Meza,deborahhobbs@example.com,2025-01-25,VIP
16,Angela Simmons,santiagolindsay@example.net,2024-01-31,REGULAR
17,Rachel Nash,sbarajas@example.com,2023-09-10,VIP
18,Katie Brown,david27@example.net,2024-06-25,PREMIUM
19,Craig Sanders,dennis17@example.net,2024-06-24,VIP
20,Melissa Williams,ramirezgary@example.com,2025-09-02,VIP
21,Erin Mendez,gward@example.net,2025-05-24,PREMIUM
22,Ebony Garcia,webbwillie@example.com,2025-02-14,VIP
23,Jessica Lynch,sandrabutler@example.net,2025-03-13,PREMIUM
24,Tracie Davis,lisacurry@example.com,2024-05-09,PREMIUM
25,Antonio Higgins,davisterri@example.net,2025-06-27,PREMIUM
26,Russell Guzman,emilyhowe@example.com,2025-06-01,VIP
27,Sabrina Mcmillan,lindsayaguilar@example.net,2024-01-15,REGULAR
28,Jonathan Dickerson,grantmegan@example.org,2023-09-04,PREMIUM
29,Jonathan Lewis,barnesjudy@example.com,2025-09-04,REGULAR
30,Emily Mitchell,hschmidt@example.org,2026-03-25,PREMIUM
31,Danielle Anderson,philipmatthews@example.net,2024-01-13,REGULAR
32,Emily Smith,adam09@example.com,2023-09-26,PREMIUM
33,Stephanie Moody,mark91@example.org,2025-03-05,PREMIUM
34,Kyle Johnson,shawn97@example.org,2026-01-31,VIP
35,Mary Martin,grobinson@example.com,2025-09-10,PREMIUM
36,Victor Patel,aguerra@example.net,2026-06-02,VIP
37,Donna Gutierrez,gpotter@example.com,2025-07-11,PREMIUM
38,Taylor Wilson,bmann@example.net,2024-12-28,PREMIUM
39,Jill Little,krichard@example.net,2026-03-21,VIP
40,Julian Aguilar,gonzalezerika@example.net,2025-06-16,PREMIUM
41,Ricardo Ramos,david73@example.net,2026-07-07,REGULAR
42,Jason Schneider,gflores@example.org,2025-12-10,REGULAR
43,Eileen Oconnor,andrewdavidson@example.com,2024-01-20,VIP
44,John Brown,yduncan@example.net,2025-07-09,VIP
45,Andrew Robertson,jerryedwards@example.com,2024-06-19,PREMIUM
46,Kevin Nguyen,dianestark@example.org,2025-06-25,REGULAR
47,Chase James,erika07@example.com,2024-11-20,PREMIUM
48,Natasha King,scottwilson@example.org,2024-01-22,PREMIUM
49,Maria Bowman,townsendwilliam@example.net,2026-06-22,PREMIUM
50,Jason Riddle,stevenmccormick@example.net,2025-12-06,REGULAR
51,Antonio Peters,ytate@example.org,2025-09-21,REGULAR
52,Paul Miller,michaeljohnson@example.com,2025-09-05,PREMIUM
53,James Williams,deborahreese@example.com,2025-11-07,VIP
54,Michelle Friedman,rrollins@example.com,2025-01-08,REGULAR
55,Rachel Lewis,daniellemeyer@example.com,2025-11-15,VIP
56,Pamela Munoz,jeremy29@example.com,2024-10-10,VIP
57,Kevin Johnson,haileyramirez@example.com,2025-03-03,REGULAR
58,Amy Thomas,vstuart@example.com,2023-07-16,REGULAR
59,Heather Taylor,sanchezbryan@example.net,2023-08-14,PREMIUM
60,Joy Thompson,goodwinlisa@example.org,2023-10-06,PREMIUM
61,Brian Williams,vbrooks@example.net,2024-09-07,VIP
62,David Bennett,marvin69@example.net,2026-03-28,PREMIUM
63,Jeanne Simmons,schmidtemily@example.net,2025-05-13,REGULAR
64,Brett Williams,barbaraalexander@example.com,2024-09-05,PREMIUM
65,Heather Hunter,alexandercollins@example.org,2025-07-05,REGULAR
66,Paul Warren,hensleyjustin@example.net,2024-03-06,PREMIUM
67,Ryan Davis,jonathangomez@example.net,2023-08-21,VIP
68,Kristopher Curtis,powellgary@example.org,2024-01-15,VIP
69,Eugene Reed,lozanojohn@example.org,2025-06-03,PREMIUM
70,Patrick Clark,youngjulie@example.com,2023-08-12,PREMIUM
71,Bradley Gross,hoffmanbenjamin@example.net,2025-12-10,PREMIUM
73,Kristin Gonzales,griffinbrittany@example.net,2025-12-28,PREMIUM
74,Ryan Stewart,owenjennifer@example.com,2026-04-17,REGULAR
75,Phillip Johnson,tomgriffin@example.org,2025-09-26,VIP
76,Jose Miller,larabridget@example.net,2024-10-18,REGULAR
77,Seth Williams,roycindy@example.org,2026-05-03,VIP
78,John Edwards,wigginssean@example.com,2024-02-10,VIP
79,Matthew Young,driggs@example.net,2026-01-16,PREMIUM
80,Tiffany Jones,gmoody@example.net,2025-08-27,REGULAR
81,Michael Hughes,kfoster@example.com,2024-01-12,PREMIUM
82,Heather Green,jamie76@example.com,2025-03-30,VIP
83,Mrs. Amy Owens,fthomas@example.net,2026-01-30,REGULAR
84,Katherine Taylor,zmcmillan@example.net,2024-04-08,PREMIUM
85,David Anderson,matthew17@example.com,2026-05-10,REGULAR
86,Amanda Alexander,jefferymurray@example.net,2025-05-29,REGULAR
87,Keith Fisher,gina83@example.net,2024-01-20,PREMIUM
88,Peter Petersen,derickson@example.com,2025-01-20,PREMIUM
89,Sara Young,juan25@example.net,2025-10-12,REGULAR
90,Zachary Sanford,parkereric@example.org,2024-01-06,VIP
91,Monica Campbell,tpadilla@example.org,2023-08-20,PREMIUM
92,Gregory Martinez,brianmanning@example.net,2024-12-19,PREMIUM
93,Robert Sutton,tray@example.net,2025-06-29,PREMIUM
94,Zachary Murphy,danaescobar@example.net,2025-02-24,PREMIUM
95,Gary Guzman,jacob27@example.net,2025-03-23,VIP
96,Nicholas Jordan,caitlin62@example.net,2024-02-08,REGULAR
97,Douglas Jones,joseph00@example.net,2024-02-08,VIP
98,Jennifer Elliott,smithteresa@example.net,2024-07-03,PREMIUM
99,Shannon Mcclain,paulclark@example.org,2026-05-14,VIP
100,Andrea Sanders,micheal31@example.org,2024-11-16,PREMIUM
101,Tammy Bautista,bowentimothy@example.net,2025-12-21,PREMIUM
102,Gail Williams,christianpeterson@example.com,2024-11-23,VIP
103,Alexa Bush,austin07@example.com,2024-07-14,PREMIUM
104,Anthony Horton,jonesryan@example.com,2023-12-05,VIP
105,Mark Ayers,riosjoseph@example.com,2023-10-15,PREMIUM
106,Mr. Jacob Sanchez,clopez@example.com,2023-12-07,REGULAR
107,Kerry Castillo,danielle41@example.com,2025-04-14,PREMIUM
108,Sarah Lambert,zharrell@example.com,2023-11-10,PREMIUM
109,Alexandra Smith,bryantamy@example.org,2025-06-02,VIP
110,Mercedes Johnson,pparker@example.net,2024-04-13,VIP
111,Sarah Clark,keith34@example.net,2025-10-21,VIP
112,Veronica Rollins,michelle14@example.org,2026-02-04,PREMIUM
113,Mrs. Amanda Franklin,justin47@example.org,2024-10-06,PREMIUM
114,Christine Murphy,james22@example.com,2023-12-17,REGULAR
115,Michael Dalton,edwardssteve@example.org,2024-04-18,REGULAR
116,Amy Flores,nrobbins@example.net,2025-06-08,VIP
117,Allison Adams,greenpaul@example.com,2023-09-02,PREMIUM
118,Sergio Mitchell,benderrebecca@example.org,2025-12-01,REGULAR
119,Dale Morrison,ortegaandrew@example.org,2024-02-15,VIP
120,Douglas Morton,zjennings@example.org,2026-02-10,VIP
121,Christina Ruiz,holly85@example.net,2025-03-07,REGULAR
122,Samuel Mcguire,nataliebanks@example.org,2026-06-12,REGULAR
123,Vernon King,williamford@example.org,2025-09-30,REGULAR
124,Alexis Myers,david54@example.net,2025-09-23,REGULAR
125,Erin Green,rhonda92@example.com,2026-06-17,REGULAR
126,Scott Wilson,nicolelee@example.net,2024-07-24,REGULAR
127,Michelle Stewart,tcooper@example.org,2025-01-24,VIP
128,Cheyenne Lawson,karenjohnson@example.com,2026-02-27,PREMIUM
129,Matthew Cooper,maxwellwebb@example.net,2026-07-09,VIP
130,Nancy Franklin,srodriguez@example.net,2024-06-28,VIP
131,Gabriel Cruz,haneybecky@example.net,2026-06-28,VIP
132,Ashley Welch,richard63@example.org,2026-06-10,VIP
133,Danny Evans,ushelton@example.com,2024-08-02,REGULAR
134,Christina Gonzalez,hodgedaniel@example.com,2024-09-12,VIP
135,Danielle Wilkerson,johnsonjasmine@example.com,2025-05-25,VIP
136,Leah Petersen,twhite@example.net,2025-01-19,PREMIUM
137,Ray Hanson,linda80@example.com,2024-12-05,VIP
138,Kyle Lopez,ericksonsamuel@example.org,2024-03-25,REGULAR
139,Christina Cox,samantha85@example.com,2025-10-28,REGULAR
140,Timothy Schaefer,hfarrell@example.com,2025-02-12,VIP
141,Dillon Shepard,kelly41@example.com,2025-04-08,VIP
142,Victoria Ward,lchavez@example.net,2025-02-02,REGULAR
143,Joshua Huffman,clayyvonne@example.net,2023-07-26,PREMIUM
144,Rachel Marshall,philipharris@example.net,2023-12-12,PREMIUM
145,Benjamin Wilson,lawrencetracey@example.com,2026-04-22,REGULAR
146,Timothy Robinson,joshuaschmidt@example.net,2024-12-17,REGULAR
147,Carla Chen,richard57@example.net,2023-12-22,PREMIUM
148,Stephanie Cline,rowematthew@example.com,2025-12-03,VIP
149,Timothy Stephens,teresahuynh@example.net,2023-09-30,VIP
150,Haley Porter,fletcherdavid@example.com,2025-10-21,REGULAR
151,Carl Lopez,nshah@example.org,2024-08-30,REGULAR
152,Jonathon Richardson,chernandez@example.org,2025-11-19,REGULAR
153,Gabriel Bailey,nvillanueva@example.net,2023-10-12,PREMIUM
154,Sabrina Smith,simmonsbrenda@example.com,2024-05-13,REGULAR
155,Patricia Grimes,cookjill@example.com,2026-02-24,VIP
156,Robert Werner,ghernandez@example.net,2025-02-11,REGULAR
157,Melanie Cook,rose89@example.com,2024-10-31,VIP
158,Rose Martinez,arielcarroll@example.net,2024-10-14,VIP
159,Tonya Landry,cartertiffany@example.com,2023-07-16,VIP
160,Jonathan Rowland,natashahenson@example.com,2026-01-05,REGULAR
161,Gabriela Barnes,meganvazquez@example.org,2025-12-07,VIP
162,Alex Brown,klineadrian@example.org,2024-09-01,PREMIUM
163,Christopher Estrada,donald95@example.org,2025-06-02,REGULAR
164,Jeffrey Davis,tmiller@example.com,2023-10-24,PREMIUM
165,Jon Frazier,sotojennifer@example.org,2024-03-21,PREMIUM
166,Jamie Mills,nicole54@example.com,2025-10-18,REGULAR
167,Ruben Pena,tamirose@example.org,2024-04-11,VIP
168,Daniel Sherman,zacharymendoza@example.com,2026-06-03,VIP
169,Amanda Chavez,william06@example.com,2024-01-31,PREMIUM
170,Nicholas Lawson MD,stucker@example.org,2024-08-09,VIP
171,Shannon Carter,hthomas@example.org,2025-01-13,REGULAR
172,Amy Hodge,rbarnes@example.com,2025-06-13,REGULAR
173,Thomas Torres,stephaniebuckley@example.net,2023-09-20,PREMIUM
174,Roy Price,ylarson@example.org,2025-10-03,VIP
175,Jason Lindsey,dcook@example.com,2023-11-19,PREMIUM
176,Nathaniel Reilly,dmeyer@example.org,2024-12-27,PREMIUM
177,Katherine Casey,ehuffman@example.com,2023-10-27,REGULAR
178,Joseph Simon,jeffery05@example.com,2025-12-21,PREMIUM
179,Stacy Riley,dominiquegutierrez@example.org,2023-12-07,VIP
180,Sophia Murphy,eileen43@example.com,2025-10-14,PREMIUM
181,Nicole Morrow DVM,elizabeth06@example.net,2024-09-24,REGULAR
182,Michael Salinas,mollykennedy@example.net,2024-04-21,VIP
183,James Ross,nealamy@example.org,2025-02-27,VIP
184,Cody Pierce,ogarza@example.org,2025-04-04,VIP
185,Daniel Gonzalez,fvillanueva@example.com,2023-11-12,REGULAR
186,Nichole Allen,nolanthomas@example.net,2023-10-19,VIP
187,Timothy Garcia,thomasfischer@example.com,2024-02-26,PREMIUM
188,Angela Berry,davispatricia@example.org,2026-06-07,REGULAR
189,Mindy Bennett,simpsondestiny@example.com,2025-04-07,REGULAR
190,Ronald Mora,baileyjason@example.net,2024-01-10,VIP
191,Sarah Ryan,rvargas@example.net,2025-10-12,PREMIUM
192,Jose Moore,pthomas@example.org,2024-07-28,PREMIUM
193,Amanda Bright,karengonzales@example.org,2024-08-17,REGULAR
194,Elizabeth Curtis,danielgood@example.net,2024-12-01,VIP
195,Craig Hale,whughes@example.org,2024-12-08,PREMIUM
196,Travis Gonzalez,serranokatherine@example.net,2023-12-07,VIP
197,Cameron Howard,brandonbeard@example.net,2024-06-12,VIP
198,Benjamin Smith,reyescarmen@example.org,2025-05-05,PREMIUM
199,Aaron Ramos,rhondadean@example.net,2025-11-11,VIP
200,Christine Johnson,patricia05@example.com,2024-08-08,REGULAR
201,Juan Martin,carrilloshawn@example.net,2024-10-04,VIP
202,Kara Lamb,michael15@example.net,2024-09-28,PREMIUM
203,Joseph Ellison,ryanmackenzie@example.net,2025-02-14,VIP
204,Amy Larson,tlee@example.net,2025-03-05,REGULAR
205,Jacob Williams,mark43@example.com,2024-02-12,REGULAR
206,Shannon Cole,christopher38@example.org,2023-12-06,PREMIUM
207,Timothy Shepard,tdelgado@example.net,2025-11-26,PREMIUM
208,Travis Hughes,timothy81@example.com,2024-04-19,REGULAR
209,Teresa White,kathleen47@example.org,2023-08-12,REGULAR
210,Erica Gardner,eric17@example.net,2024-09-01,REGULAR
211,Dustin Odom,martinezmegan@example.com,2025-12-27,REGULAR
212,Jaclyn Miller,russellbeth@example.org,2025-01-14,VIP
213,Nancy Garrett,jamesleonard@example.com,2025-01-08,VIP
214,Amber Grimes,ginadunn@example.net,2024-02-25,PREMIUM
215,Amanda Mckinney,mikaylayang@example.org,2025-03-24,PREMIUM
216,Clifford Brown,julia06@example.org,2026-05-03,VIP
217,Frank Miller,monique69@example.com,2025-07-25,VIP
218,Christopher Adams,vbrennan@example.com,2025-09-02,VIP
219,Jennifer West,millsmichael@example.org,2024-07-28,REGULAR
220,Chloe French,matthewwilson@example.com,2023-08-25,REGULAR
221,Stephanie Reid,thomas33@example.com,2025-01-30,REGULAR
222,Paul Rojas,garciaryan@example.com,2024-01-20,REGULAR
223,Ashley Hensley,paulwinters@example.org,2026-01-21,VIP
224,James Stephens,tyoung@example.net,2023-07-27,REGULAR
225,Brian Huffman,tjohnson@example.com,2024-08-16,VIP
226,Douglas Cook,csalazar@example.net,2026-01-21,REGULAR
227,Michael Velasquez,kjimenez@example.org,2023-09-30,VIP
228,Tyler Perkins,madison77@example.com,2025-12-27,PREMIUM
229,Stephanie Johnson,kevinoneal@example.net,2024-06-17,REGULAR
230,Sandra Ochoa,gmcmillan@example.org,2025-10-14,VIP
231,Alexis Wood,uwarner@example.com,2026-04-30,VIP
232,Stephanie Terry,stacy79@example.net,2026-04-13,PREMIUM
233,Eric Obrien,qglass@example.com,2023-09-01,VIP
234,Oscar Keller,gmoore@example.com,2024-09-30,PREMIUM
235,Cameron Cook,antoniotaylor@example.org,2025-04-27,PREMIUM
236,Troy Hart,matthew35@example.net,2026-06-02,PREMIUM
237,Nicholas Edwards,lisaespinoza@example.net,2024-02-06,REGULAR
238,Melissa Reyes,michael14@example.com,2024-09-05,REGULAR
239,Janet Moore,bryantbrandi@example.com,2023-08-10,PREMIUM
240,Nathaniel Craig,williamsmarissa@example.net,2026-03-24,VIP
241,Ricky Gibbs,robert05@example.net,2024-01-14,REGULAR
242,Caroline Wilcox,tonya17@example.com,2025-10-15,REGULAR
243,Francis Cantu,barry34@example.org,2025-12-01,REGULAR
244,James Rodriguez,christopher18@example.net,2025-02-01,REGULAR
245,Michael Bautista,zchavez@example.org,2025-11-29,VIP
246,Angela Vega,imathis@example.org,2025-03-08,REGULAR
247,Rachel Coleman,amandamendoza@example.net,2025-02-10,PREMIUM
248,Stephanie Park,ronald73@example.com,2023-10-17,VIP
249,Ashley Mccall,alishagreer@example.com,2025-04-16,VIP
250,Christopher Torres,ejohnson@example.org,2024-10-07,REGULAR
251,Charles Frost,hsmith@example.com,2025-09-13,REGULAR
252,Cynthia Anderson,bjohnson@example.org,2025-02-27,VIP
253,Michael Lee,jessica10@example.org,2024-12-15,REGULAR
254,Wayne Jones,edavenport@example.org,2023-09-12,REGULAR
255,Christopher Campbell,rogerrosales@example.com,2024-09-03,VIP
256,Cynthia Lee,kimberlygonzalez@example.com,2023-10-21,VIP
257,Shane Norris,michael89@example.org,2025-08-02,REGULAR
258,Kyle Brown,andrewklein@example.org,2024-12-16,REGULAR
259,Linda Kirk,jeffreyflores@example.org,2024-12-13,REGULAR
260,Bradley Fleming,joanne27@example.net,2026-05-28,PREMIUM
261,Clayton Ramos,justinvaughn@example.org,2026-04-07,VIP
262,Michelle Nelson,traceywilliamson@example.com,2025-08-11,PREMIUM
263,Tracy Moyer,dschneider@example.com,2024-08-25,VIP
264,Gregory Downs,lmyers@example.com,2025-08-11,REGULAR
265,Tanya Landry,gwilliams@example.com,2026-05-29,VIP
266,Garrett Bradley,potterbrianna@example.org,2023-10-28,PREMIUM
267,Adrian Edwards,hendersonsteven@example.net,2025-08-26,PREMIUM
268,Linda Forbes,tammy87@example.org,2024-10-22,REGULAR
269,Thomas Frank,kelleybrenda@example.com,2024-08-04,VIP
270,Tanner Smith,tgaines@example.net,2025-04-12,VIP
271,Alexander Cervantes,harrisonbrett@example.com,2025-05-07,PREMIUM
272,Heather Leonard,benjamin96@example.org,2023-07-22,VIP
273,Aaron Farrell,hollymendez@example.net,2025-11-30,PREMIUM
274,Andrew Ellis,hoconnor@example.net,2024-07-12,REGULAR
275,Robert Hayes,breannadavis@example.com,2023-12-31,PREMIUM
276,Jesse Roberts,stuartmartha@example.com,2023-09-18,VIP
277,Charlene Andrade,garciamichelle@example.org,2026-03-09,VIP
279,Melanie Cox,kimberlysoto@example.com,2024-05-25,PREMIUM
280,Brian Johnson,gonzalezgary@example.com,2023-08-10,VIP
281,Deanna Harper,walshpatricia@example.net,2026-02-13,REGULAR
282,Glenn Peterson,rebecca67@example.org,2025-01-24,PREMIUM
283,Keith Brown,mark74@example.org,2024-02-29,REGULAR
284,Brian Dawson,davidcooper@example.net,2026-05-05,PREMIUM
285,Lindsay Torres,aimee11@example.net,2026-01-23,PREMIUM
286,Samuel Turner,sherry46@example.net,2024-02-01,REGULAR
287,Alexis Dominguez,maynicholas@example.net,2025-07-20,PREMIUM
288,Charles Miranda,yesenia28@example.org,2024-07-09,REGULAR
289,Stephen Chavez,ocantrell@example.org,2025-12-30,REGULAR
290,Nicole Crawford,cporter@example.net,2023-11-25,PREMIUM
291,Teresa West,kevin81@example.com,2024-01-07,REGULAR
292,Brittany Palmer,tonyamartinez@example.org,2025-05-21,REGULAR
293,Rebecca Zamora,jamesrivas@example.com,2024-04-17,REGULAR
294,John Thompson,walkernancy@example.org,2026-02-22,REGULAR
295,Brittney Morales,ashley97@example.org,2025-11-13,REGULAR
296,Jeffrey Freeman,suttongeorge@example.org,2024-10-05,VIP
297,Lori Cruz,dedwards@example.net,2025-07-10,VIP
298,Aaron Bailey,markalvarez@example.com,2024-03-27,REGULAR
299,Ashley Wiley,williamsleah@example.com,2024-10-23,REGULAR
300,Tracey Andersen,christineparks@example.org,2024-03-29,REGULAR
301,Craig Kelly,smithamber@example.com,2025-05-20,PREMIUM
302,Manuel Smith,karagray@example.com,2025-03-18,VIP
303,Courtney Hayes,tboyer@example.com,2026-04-18,VIP
304,Marc Hart,gonzalezamber@example.net,2025-08-06,PREMIUM
305,Vanessa Johnson,taylorashley@example.com,2024-05-30,PREMIUM
306,Derek Burgess,smithemily@example.com,2024-01-30,PREMIUM
307,Jessica Marquez,rhonda93@example.net,2025-01-12,VIP
308,Caitlin Jones,terrence98@example.org,2023-08-09,PREMIUM
309,Jonathan Tanner,laceybaxter@example.com,2026-02-17,VIP
310,Sara Thomas,ulee@example.com,2026-07-09,REGULAR
311,Ashley Baird,todd50@example.com,2025-09-07,REGULAR
312,Stephen Brown,taraacevedo@example.net,2025-11-20,REGULAR
313,Catherine Whitaker,bwalker@example.org,2024-07-08,PREMIUM
314,Kelly Anderson,icruz@example.net,2024-09-05,VIP
315,Stephanie Winters,ghayes@example.com,2026-05-14,VIP
316,Rachel Walker,jonesrichard@example.com,2023-11-21,REGULAR
317,Nicole Porter,allenrachael@example.net,2025-01-28,REGULAR
318,Kathy Farmer,yolanda45@example.com,2024-01-25,PREMIUM
319,Jason Reynolds,hayesjose@example.org,2023-12-14,REGULAR
320,Shelby Gregory,robinsonkimberly@example.com,2024-03-04,PREMIUM
321,Raymond Adams,gregory25@example.net,2025-04-21,REGULAR
322,John Juarez,kimjames@example.org,2025-02-08,REGULAR
323,Karen Hernandez,jadeduncan@example.com,2026-04-04,VIP
324,Scott Jones,katrina98@example.net,2023-11-25,VIP
325,Nicole Thompson,cindy56@example.com,2025-10-28,REGULAR
326,Michael Rivera,ericrandolph@example.net,2024-06-03,VIP
327,Anita Sandoval,jenniferroberson@example.org,2025-04-08,PREMIUM
328,Stacy Adams,smithmichael@example.org,2024-08-07,VIP
329,Suzanne Day,dennis73@example.org,2025-12-02,REGULAR
330,Charles Warren,htorres@example.com,2024-05-03,PREMIUM
331,Frank Nash,christopheradams@example.org,2026-05-20,VIP
332,Laura Brown,ivanrodriguez@example.com,2026-07-13,PREMIUM
333,Laura Austin,riveradylan@example.net,2025-11-03,VIP
334,Ryan Oliver,hburns@example.com,2025-11-17,REGULAR
335,Joshua Griffin,jnewton@example.com,2026-02-19,PREMIUM
336,Debbie Holmes,reidjuan@example.com,2023-12-06,PREMIUM
337,William Woodard,simmonstamara@example.com,2025-12-31,REGULAR
338,Ryan Gibson,brian67@example.com,2023-08-06,REGULAR
339,Norman Bryan,timothyroberts@example.net,2023-11-02,REGULAR
340,Jamie Nelson,carolynanderson@example.net,2025-07-26,REGULAR
341,Sharon Atkins,amandacortez@example.org,2024-04-20,VIP
342,Shawn Miller,draymond@example.com,2025-01-02,VIP
343,Gary Brown,dawsoncody@example.net,2025-06-17,PREMIUM
344,Robert Bean,vcarpenter@example.org,2025-09-14,VIP
345,Heather Brown,alyssadavis@example.com,2025-10-16,VIP
346,Kathleen Davis,starkkendra@example.net,2024-02-01,REGULAR
347,Stephen Black,zreynolds@example.net,2026-02-13,REGULAR
348,Sarah Miller,dustin75@example.org,2026-02-22,REGULAR
350,Sonya Martin,mcclureian@example.com,2025-11-22,VIP
351,Patricia Smith,johnvega@example.org,2025-04-05,REGULAR
352,Peter Simon,brandi61@example.org,2025-12-16,REGULAR
353,Paul Liu,lauracontreras@example.com,2025-01-09,REGULAR
354,Matthew Williams,robertwhite@example.org,2023-12-08,PREMIUM
355,Brandy Hughes,laura81@example.net,2025-06-06,REGULAR
356,David Brady,johnturner@example.org,2025-06-17,PREMIUM
357,Dennis Nelson,wlee@example.org,2024-05-24,VIP
358,Emma Johnson,jeremyramirez@example.net,2025-12-13,PREMIUM
359,Garrett Ferguson,browndouglas@example.net,2025-09-27,REGULAR
360,Michael Pierce,parksjustin@example.net,2024-03-24,REGULAR
361,Teresa Chambers,barbara78@example.com,2025-06-24,VIP
362,Ashley Yates,akennedy@example.net,2024-11-26,VIP
363,Lisa Carroll,rogersmelanie@example.net,2025-12-19,REGULAR
364,Phyllis Morton,christopher79@example.org,2026-06-11,VIP
365,Christopher Wilson,ewilliams@example.com,2023-10-08,REGULAR
366,Taylor Moreno,rosalestracy@example.com,2025-10-21,VIP
367,Jason Blankenship,aliciasingh@example.net,2024-02-01,VIP
368,Douglas Cole,mooreamy@example.net,2023-11-11,PREMIUM
369,Steven Horne,cardenasrichard@example.com,2024-12-11,REGULAR
370,Joshua Ford,hubbardlaura@example.net,2023-12-18,REGULAR
371,Alexandra Murphy,rileykristina@example.com,2024-11-26,REGULAR
372,Robert Sexton,deborahgill@example.net,2025-12-19,PREMIUM
373,Daniel Lambert,mitchellamanda@example.org,2023-08-16,REGULAR
374,Kayla Garner,courtney62@example.com,2024-05-09,PREMIUM
375,Kimberly Pena,andreahudson@example.net,2023-08-05,REGULAR
376,Christian Acosta,vparker@example.org,2026-01-02,PREMIUM
377,Mandy Powell,sotodana@example.net,2023-10-04,PREMIUM
378,Rebecca Garcia,kdaniels@example.org,2025-08-09,VIP
379,Dustin Miller,murphykeith@example.org,2025-06-12,PREMIUM
380,Barbara Lewis,drandolph@example.org,2024-10-08,REGULAR
382,Christina Fuentes,brent07@example.org,2025-09-26,REGULAR
383,Laura Waters,nmccoy@example.com,2025-10-14,REGULAR
384,Erica Hardy,stevenslori@example.org,2024-02-15,VIP
386,Kimberly Vega,bailey02@example.com,2023-12-19,REGULAR
387,Tamara Boone,owensemily@example.org,2025-04-26,PREMIUM
388,Becky Bonilla,eadkins@example.net,2025-06-19,VIP
389,Darrell Frazier,rrichardson@example.org,2024-12-09,REGULAR
390,Carol Watson,mnguyen@example.com,2024-06-22,VIP
391,Andrew Trujillo,ronald58@example.net,2026-01-08,REGULAR
392,Timothy Pearson,kara75@example.org,2024-08-15,PREMIUM
393,Jodi Long,brooke96@example.net,2026-05-22,REGULAR
394,Diamond Montgomery,robertselaine@example.org,2024-05-10,REGULAR
395,Jeanne Pierce,carolyn50@example.com,2024-01-19,VIP
396,Kathy Johnson,robinsonjohn@example.com,2024-10-23,VIP
397,Daniel Powers,cpalmer@example.org,2025-03-03,VIP
398,Thomas Price,loretta18@example.net,2025-09-15,VIP
400,Charles Cruz,kowens@example.net,2026-01-24,VIP
401,Jennifer Matthews,nicholascooper@example.org,2024-03-10,REGULAR
402,Isabella Leon,dmcdaniel@example.net,2024-06-30,VIP
403,Laura Moore DDS,ttravis@example.com,2025-07-02,VIP
404,Ruth White,cameron12@example.net,2026-01-23,REGULAR
405,Travis Hill,jeffrey05@example.com,2026-06-01,PREMIUM
406,Breanna Brown,davisadam@example.org,2023-10-20,PREMIUM
407,Keith Nguyen,lewiskayla@example.com,2024-05-31,PREMIUM
408,Courtney Rose,urios@example.net,2026-01-29,REGULAR
409,Erica Mosley,shawnkennedy@example.org,2024-08-06,PREMIUM
410,Judith Moore,bowersadam@example.com,2023-09-20,REGULAR
411,Denise Davenport,matthewmiller@example.org,2024-02-13,VIP
412,Scott Hunt,joseph51@example.com,2024-09-23,VIP
413,Amy Carpenter,masseyedward@example.net,2025-02-20,REGULAR
414,Christopher Hill,martha32@example.org,2025-11-09,PREMIUM
415,Victoria Thompson,rossmichelle@example.net,2025-07-16,PREMIUM
416,Vickie Dougherty,amoore@example.com,2025-10-25,VIP
417,Robert Arnold,michaelrobertson@example.com,2024-07-31,VIP
418,Suzanne Oconnor,heather45@example.com,2023-09-09,REGULAR
419,Wendy Reilly,david91@example.org,2023-11-21,PREMIUM
420,Juan Arnold,williamhunt@example.org,2023-11-19,VIP
421,Kirsten Torres,christopherbrown@example.net,2026-03-08,VIP
422,David Ortiz,whoward@example.org,2025-11-25,REGULAR
423,Deanna Mclaughlin,harmonmatthew@example.net,2025-10-24,REGULAR
424,Mrs. Theresa Lopez,crobles@example.org,2023-12-17,PREMIUM
426,Austin Coleman,michaelpotts@example.net,2024-02-05,VIP
427,David Ramos,maldonadojordan@example.net,2024-10-23,REGULAR
428,Anna Stark,vfisher@example.org,2024-12-09,REGULAR
430,Philip Reyes,leonardkim@example.net,2023-09-26,REGULAR
431,Kenneth Andrews,monique02@example.com,2024-12-13,PREMIUM
432,Caitlyn Harrison,dlane@example.org,2025-06-29,VIP
433,Brandon Freeman,sonyaflores@example.net,2026-05-28,REGULAR
434,Mark Nguyen,morrispaul@example.com,2024-09-30,REGULAR
435,James Barnes,wiserhonda@example.net,2025-12-09,PREMIUM
436,Walter Villanueva,abigail57@example.net,2024-09-06,REGULAR
437,Nicholas Mcdonald,amybuchanan@example.net,2024-05-19,REGULAR
438,Zachary Whitehead,carrillojennifer@example.org,2025-11-21,REGULAR
439,Richard Padilla,nhunt@example.org,2025-06-21,REGULAR
440,Clinton Wilson,adam30@example.net,2025-06-01,PREMIUM
441,Matthew Waters,barbaranguyen@example.com,2025-01-07,REGULAR
442,Annette Maldonado,oharrell@example.org,2025-11-04,VIP
443,Andrew Murphy,younglisa@example.net,2025-01-12,VIP
444,Alexis Johnson,armstrongjesse@example.com,2024-05-28,REGULAR
445,Brandon Diaz,christopher48@example.org,2025-02-05,REGULAR
446,Nicole Patel,jessicamoore@example.org,2026-05-12,VIP
447,Robin Cruz,hvargas@example.net,2026-03-10,PREMIUM
448,Mary Rice,joel84@example.org,2025-11-29,PREMIUM
449,Paula Shelton,tara69@example.org,2024-10-28,VIP
450,Maria Smith,andersonsandy@example.net,2025-04-22,PREMIUM
451,Jill Drake,matthewskevin@example.net,2025-06-13,VIP
452,Elizabeth Williams,ryanwade@example.org,2025-06-23,PREMIUM
453,Kyle Holland,lanekimberly@example.net,2025-04-06,PREMIUM
454,Nichole Ellis,kaylaobrien@example.org,2026-05-19,REGULAR
455,Stephanie Smith,baileyemily@example.org,2025-11-21,VIP
456,Hannah Page MD,connor17@example.org,2023-12-26,PREMIUM
457,Austin Peterson,stuartzachary@example.net,2026-06-08,PREMIUM
458,Whitney Grant,ajimenez@example.net,2023-09-25,REGULAR
459,Lindsey Singh,curtis74@example.com,2024-10-09,REGULAR
460,Craig Jones,oburke@example.com,2025-07-21,VIP
461,Joshua George,michelle02@example.net,2025-03-21,REGULAR
462,Daniel Miller,jennifergreen@example.net,2026-01-25,PREMIUM
463,Paula Peterson,xjones@example.net,2024-01-24,PREMIUM
465,Howard Spence,kenneth26@example.org,2023-08-28,REGULAR
466,Guy Olsen,jennifercooper@example.com,2025-03-29,REGULAR
467,Tony Keith,morristracy@example.com,2023-12-16,PREMIUM
468,Ralph Williams,patrick74@example.net,2023-10-28,REGULAR
469,Tina Huber,sheena83@example.com,2024-10-29,VIP
470,Michael Snyder,rarias@example.com,2026-04-07,REGULAR
471,Desiree Perez DDS,jacob44@example.com,2026-03-30,PREMIUM
472,Mr. Cody Armstrong,sandra98@example.net,2026-03-18,REGULAR
473,Mrs. Lynn Blackburn,carlakim@example.com,2024-04-20,REGULAR
474,Douglas Castillo,torresmichael@example.com,2023-07-29,VIP
475,Brandy Mcclain,warrenlee@example.net,2023-12-26,PREMIUM
477,Daniel Moore,steven88@example.org,2025-02-28,VIP
478,Curtis Miller,tmelendez@example.com,2023-10-06,PREMIUM
479,Ian Ruiz,lisaphillips@example.com,2024-10-23,VIP
480,Brianna Hicks,robertroberts@example.com,2023-10-20,PREMIUM
481,Michael Brown,wagnerjason@example.com,2024-10-20,REGULAR
482,Lisa Moore,iflores@example.com,2024-09-08,VIP
483,Taylor Russell,ehuang@example.com,2024-08-13,VIP
484,Brian Carter,sethadams@example.org,2025-04-30,PREMIUM
485,Debra Miles,usweeney@example.net,2025-08-14,VIP
486,Andrew Duncan,jeremy73@example.org,2025-04-28,VIP
487,Willie Macdonald,williamsernest@example.com,2026-01-06,PREMIUM
488,Stuart Dunlap,romerojamie@example.com,2025-04-13,REGULAR
489,Ashley Rollins,belldebra@example.net,2025-06-24,REGULAR
490,Mrs. Diane Hatfield,hawkinskaren@example.com,2025-08-14,PREMIUM
491,Jack Myers,briggsrandall@example.org,2024-06-24,PREMIUM
492,Matthew Richardson,andradegeorge@example.net,2026-01-16,VIP
493,Stephen Hanna,dpotter@example.com,2023-09-05,REGULAR
494,Alexandra Ware,fullervictoria@example.net,2026-03-13,PREMIUM
495,Michele Roberts,cgarcia@example.com,2025-10-12,PREMIUM
496,Tracy Villa,jmcdaniel@example.com,2024-09-04,REGULAR
497,Mathew Ferguson,cmorris@example.net,2023-09-25,REGULAR
498,Brandon Johnson,sgallagher@example.net,2024-08-04,PREMIUM
499,Tara Torres,nathanalvarado@example.com,2023-09-28,PREMIUM
500,Melinda Meyer,jenniferharris@example.com,2025-06-09,PREMIUM
